uga_id,day,ell_m3
101,1,0.0
101,2,0.0
101,3,0.0
101,4,0.0
101,5,0.0
101,6,0.0
101,7,0.0
101,8,0.0
101,9,0.0
101,10,0.0
101,11,0.0
101,12,0.0
101,13,0.0
101,14,10.799999999999999
101,15,0.0
101,16,0.0
101,17,0.0
101,18,0.0
101,19,0.0
101,20,0.0
101,21,0.0
101,22,0.0
101,23,0.0
101,24,0.0
101,25,0.0
101,26,0.0
101,27,0.0
101,28,10.799999999999999
101,29,0.0
101,30,0.0
101,31,0.0
101,32,0.0
101,33,0.0
101,34,0.0
101,35,0.0
101,36,0.0
101,37,0.0
101,38,0.0
101,39,0.0
101,40,0.0
101,41,0.0
101,42,10.799999999999999
101,43,0.0
101,44,0.0
101,45,0.0
101,46,0.0
101,47,0.0
101,48,0.0
101,49,0.0
101,50,0.0
101,51,0.0
101,52,0.0
101,53,0.0
101,54,0.0
101,55,0.0
101,56,10.799999999999999
101,57,0.0
101,58,0.0
101,59,0.0
101,60,0.0
101,61,0.0
101,62,0.0
101,63,0.0
101,64,0.0
101,65,0.0
101,66,0.0
101,67,0.0
101,68,0.0
101,69,0.0
101,70,10.799999999999999
101,71,0.0
101,72,0.0
101,73,0.0
101,74,0.0
101,75,0.0
101,76,0.0
101,77,0.0
101,78,0.0
101,79,0.0
101,80,0.0
101,81,0.0
101,82,0.0
101,83,0.0
101,84,10.799999999999999
101,85,0.0
101,86,0.0
101,87,0.0
101,88,0.0
101,89,0.0
101,90,0.0
101,91,0.0
101,92,0.0
101,93,0.0
101,94,0.0
101,95,0.0
101,96,0.0
101,97,0.0
101,98,10.799999999999999
101,99,0.0
101,100,0.0
101,101,0.0
101,102,0.0
101,103,0.0
101,104,0.0
101,105,0.0
101,106,0.0
101,107,0.0
101,108,0.0
101,109,0.0
101,110,0.0
101,111,0.0
101,112,10.799999999999999
101,113,0.0
101,114,0.0
101,115,0.0
101,116,0.0
101,117,0.0
101,118,0.0
101,119,0.0
101,120,0.0
101,121,0.0
101,122,0.0
101,123,0.0
101,124,0.0
101,125,0.0
101,126,10.799999999999999
101,127,0.0
101,128,0.0
101,129,0.0
101,130,0.0
101,131,0.0
101,132,0.0
101,133,0.0
101,134,0.0
101,135,0.0
101,136,0.0
101,137,0.0
101,138,0.0
101,139,0.0
101,140,10.799999999999999
101,141,0.0
101,142,0.0
101,143,0.0
101,144,0.0
101,145,0.0
101,146,0.0
101,147,0.0
101,148,0.0
101,149,0.0
101,150,0.0
101,151,0.0
101,152,0.0
101,153,0.0
101,154,10.799999999999999
101,155,0.0
101,156,0.0
101,157,0.0
101,158,0.0
101,159,0.0
101,160,0.0
101,161,0.0
101,162,0.0
101,163,0.0
101,164,0.0
101,165,0.0
101,166,0.0
101,167,0.0
101,168,10.799999999999999
101,169,0.0
101,170,0.0
101,171,0.0
101,172,0.0
101,173,0.0
101,174,0.0
101,175,0.0
101,176,0.0
101,177,0.0
101,178,0.0
101,179,0.0
101,180,0.0
101,181,0.0
101,182,10.799999999999999
101,183,0.0
101,184,0.0
101,185,0.0
101,186,0.0
101,187,0.0
101,188,0.0
101,189,0.0
101,190,0.0
101,191,0.0
101,192,0.0
101,193,0.0
101,194,0.0
101,195,0.0
101,196,10.799999999999999
101,197,0.0
101,198,0.0
101,199,0.0
101,200,0.0
101,201,0.0
101,202,0.0
101,203,0.0
101,204,0.0
101,205,0.0
101,206,0.0
101,207,0.0
101,208,0.0
101,209,0.0
101,210,10.799999999999999
101,211,0.0
101,212,0.0
101,213,0.0
101,214,0.0
101,215,0.0
101,216,0.0
101,217,0.0
101,218,0.0
101,219,0.0
101,220,0.0
101,221,0.0
101,222,0.0
101,223,0.0
101,224,10.799999999999999
101,225,0.0
101,226,0.0
101,227,0.0
101,228,0.0
101,229,0.0
101,230,0.0
101,231,0.0
101,232,0.0
101,233,0.0
101,234,0.0
101,235,0.0
101,236,0.0
101,237,0.0
101,238,10.799999999999999
101,239,0.0
101,240,0.0
101,241,0.0
101,242,0.0
101,243,0.0
101,244,0.0
101,245,0.0
101,246,0.0
101,247,0.0
101,248,0.0
101,249,0.0
101,250,0.0
101,251,0.0
101,252,10.799999999999999
101,253,0.0
101,254,0.0
101,255,0.0
101,256,0.0
101,257,0.0
101,258,0.0
101,259,0.0
101,260,0.0
101,261,0.0
101,262,0.0
101,263,0.0
101,264,0.0
101,265,0.0
101,266,10.799999999999999
101,267,0.0
101,268,0.0
101,269,0.0
101,270,0.0
101,271,0.0
101,272,0.0
101,273,0.0
101,274,0.0
101,275,0.0
101,276,0.0
101,277,0.0
101,278,0.0
101,279,0.0
101,280,10.799999999999999
101,281,0.0
101,282,0.0
101,283,0.0
101,284,0.0
101,285,0.0
101,286,0.0
101,287,0.0
101,288,0.0
101,289,0.0
101,290,0.0
101,291,0.0
101,292,0.0
101,293,0.0
101,294,10.799999999999999
101,295,0.0
101,296,0.0
101,297,0.0
101,298,0.0
101,299,0.0
101,300,0.0
101,301,0.0
101,302,0.0
101,303,0.0
101,304,0.0
101,305,0.0
101,306,0.0
101,307,0.0
101,308,10.799999999999999
101,309,0.0
101,310,0.0
101,311,0.0
101,312,0.0
101,313,0.0
101,314,0.0
101,315,0.0
101,316,0.0
101,317,0.0
101,318,0.0
101,319,0.0
101,320,0.0
101,321,0.0
101,322,10.799999999999999
101,323,0.0
101,324,0.0
101,325,0.0
101,326,0.0
101,327,0.0
101,328,0.0
101,329,0.0
101,330,0.0
101,331,0.0
101,332,0.0
101,333,0.0
101,334,0.0
101,335,0.0
101,336,10.799999999999999
101,337,0.0
101,338,0.0
101,339,0.0
101,340,0.0
101,341,0.0
101,342,0.0
101,343,0.0
101,344,0.0
101,345,0.0
101,346,0.0
101,347,0.0
101,348,0.0
101,349,0.0
101,350,10.799999999999999
101,351,0.0
101,352,0.0
101,353,0.0
101,354,0.0
101,355,0.0
101,356,0.0
101,357,0.0
101,358,0.0
101,359,0.0
101,360,0.0
101,361,0.0
101,362,0.0
101,363,0.0
101,364,10.799999999999999
101,365,0.0
102,1,0.0
102,2,0.0
102,3,0.0
102,4,0.0
102,5,0.0
102,6,0.0
102,7,0.0
102,8,0.0
102,9,0.0
102,10,0.0
102,11,0.0
102,12,0.0
102,13,10.799999999999999
102,14,0.0
102,15,0.0
102,16,0.0
102,17,0.0
102,18,0.0
102,19,0.0
102,20,0.0
102,21,0.0
102,22,0.0
102,23,0.0
102,24,0.0
102,25,0.0
102,26,0.0
102,27,10.799999999999999
102,28,0.0
102,29,0.0
102,30,0.0
102,31,0.0
102,32,0.0
102,33,0.0
102,34,0.0
102,35,0.0
102,36,0.0
102,37,0.0
102,38,0.0
102,39,0.0
102,40,0.0
102,41,10.799999999999999
102,42,0.0
102,43,0.0
102,44,0.0
102,45,0.0
102,46,0.0
102,47,0.0
102,48,0.0
102,49,0.0
102,50,0.0
102,51,0.0
102,52,0.0
102,53,0.0
102,54,0.0
102,55,10.799999999999999
102,56,0.0
102,57,0.0
102,58,0.0
102,59,0.0
102,60,0.0
102,61,0.0
102,62,0.0
102,63,0.0
102,64,0.0
102,65,0.0
102,66,0.0
102,67,0.0
102,68,0.0
102,69,10.799999999999999
102,70,0.0
102,71,0.0
102,72,0.0
102,73,0.0
102,74,0.0
102,75,0.0
102,76,0.0
102,77,0.0
102,78,0.0
102,79,0.0
102,80,0.0
102,81,0.0
102,82,0.0
102,83,10.799999999999999
102,84,0.0
102,85,0.0
102,86,0.0
102,87,0.0
102,88,0.0
102,89,0.0
102,90,0.0
102,91,0.0
102,92,0.0
102,93,0.0
102,94,0.0
102,95,0.0
102,96,0.0
102,97,10.799999999999999
102,98,0.0
102,99,0.0
102,100,0.0
102,101,0.0
102,102,0.0
102,103,0.0
102,104,0.0
102,105,0.0
102,106,0.0
102,107,0.0
102,108,0.0
102,109,0.0
102,110,0.0
102,111,10.799999999999999
102,112,0.0
102,113,0.0
102,114,0.0
102,115,0.0
102,116,0.0
102,117,0.0
102,118,0.0
102,119,0.0
102,120,0.0
102,121,0.0
102,122,0.0
102,123,0.0
102,124,0.0
102,125,10.799999999999999
102,126,0.0
102,127,0.0
102,128,0.0
102,129,0.0
102,130,0.0
102,131,0.0
102,132,0.0
102,133,0.0
102,134,0.0
102,135,0.0
102,136,0.0
102,137,0.0
102,138,0.0
102,139,10.799999999999999
102,140,0.0
102,141,0.0
102,142,0.0
102,143,0.0
102,144,0.0
102,145,0.0
102,146,0.0
102,147,0.0
102,148,0.0
102,149,0.0
102,150,0.0
102,151,0.0
102,152,0.0
102,153,10.799999999999999
102,154,0.0
102,155,0.0
102,156,0.0
102,157,0.0
102,158,0.0
102,159,0.0
102,160,0.0
102,161,0.0
102,162,0.0
102,163,0.0
102,164,0.0
102,165,0.0
102,166,0.0
102,167,10.799999999999999
102,168,0.0
102,169,0.0
102,170,0.0
102,171,0.0
102,172,0.0
102,173,0.0
102,174,0.0
102,175,0.0
102,176,0.0
102,177,0.0
102,178,0.0
102,179,0.0
102,180,0.0
102,181,10.799999999999999
102,182,0.0
102,183,0.0
102,184,0.0
102,185,0.0
102,186,0.0
102,187,0.0
102,188,0.0
102,189,0.0
102,190,0.0
102,191,0.0
102,192,0.0
102,193,0.0
102,194,0.0
102,195,10.799999999999999
102,196,0.0
102,197,0.0
102,198,0.0
102,199,0.0
102,200,0.0
102,201,0.0
102,202,0.0
102,203,0.0
102,204,0.0
102,205,0.0
102,206,0.0
102,207,0.0
102,208,0.0
102,209,10.799999999999999
102,210,0.0
102,211,0.0
102,212,0.0
102,213,0.0
102,214,0.0
102,215,0.0
102,216,0.0
102,217,0.0
102,218,0.0
102,219,0.0
102,220,0.0
102,221,0.0
102,222,0.0
102,223,10.799999999999999
102,224,0.0
102,225,0.0
102,226,0.0
102,227,0.0
102,228,0.0
102,229,0.0
102,230,0.0
102,231,0.0
102,232,0.0
102,233,0.0
102,234,0.0
102,235,0.0
102,236,0.0
102,237,10.799999999999999
102,238,0.0
102,239,0.0
102,240,0.0
102,241,0.0
102,242,0.0
102,243,0.0
102,244,0.0
102,245,0.0
102,246,0.0
102,247,0.0
102,248,0.0
102,249,0.0
102,250,0.0
102,251,10.799999999999999
102,252,0.0
102,253,0.0
102,254,0.0
102,255,0.0
102,256,0.0
102,257,0.0
102,258,0.0
102,259,0.0
102,260,0.0
102,261,0.0
102,262,0.0
102,263,0.0
102,264,0.0
102,265,10.799999999999999
102,266,0.0
102,267,0.0
102,268,0.0
102,269,0.0
102,270,0.0
102,271,0.0
102,272,0.0
102,273,0.0
102,274,0.0
102,275,0.0
102,276,0.0
102,277,0.0
102,278,0.0
102,279,10.799999999999999
102,280,0.0
102,281,0.0
102,282,0.0
102,283,0.0
102,284,0.0
102,285,0.0
102,286,0.0
102,287,0.0
102,288,0.0
102,289,0.0
102,290,0.0
102,291,0.0
102,292,0.0
102,293,10.799999999999999
102,294,0.0
102,295,0.0
102,296,0.0
102,297,0.0
102,298,0.0
102,299,0.0
102,300,0.0
102,301,0.0
102,302,0.0
102,303,0.0
102,304,0.0
102,305,0.0
102,306,0.0
102,307,10.799999999999999
102,308,0.0
102,309,0.0
102,310,0.0
102,311,0.0
102,312,0.0
102,313,0.0
102,314,0.0
102,315,0.0
102,316,0.0
102,317,0.0
102,318,0.0
102,319,0.0
102,320,0.0
102,321,10.799999999999999
102,322,0.0
102,323,0.0
102,324,0.0
102,325,0.0
102,326,0.0
102,327,0.0
102,328,0.0
102,329,0.0
102,330,0.0
102,331,0.0
102,332,0.0
102,333,0.0
102,334,0.0
102,335,10.799999999999999
102,336,0.0
102,337,0.0
102,338,0.0
102,339,0.0
102,340,0.0
102,341,0.0
102,342,0.0
102,343,0.0
102,344,0.0
102,345,0.0
102,346,0.0
102,347,0.0
102,348,0.0
102,349,10.799999999999999
102,350,0.0
102,351,0.0
102,352,0.0
102,353,0.0
102,354,0.0
102,355,0.0
102,356,0.0
102,357,0.0
102,358,0.0
102,359,0.0
102,360,0.0
102,361,0.0
102,362,0.0
102,363,10.799999999999999
102,364,0.0
102,365,0.0
103,1,0.0
103,2,0.0
103,3,0.0
103,4,0.0
103,5,10.799999999999999
103,6,0.0
103,7,0.0
103,8,0.0
103,9,0.0
103,10,0.0
103,11,0.0
103,12,0.0
103,13,0.0
103,14,0.0
103,15,0.0
103,16,0.0
103,17,0.0
103,18,0.0
103,19,10.799999999999999
103,20,0.0
103,21,0.0
103,22,0.0
103,23,0.0
103,24,0.0
103,25,0.0
103,26,0.0
103,27,0.0
103,28,0.0
103,29,0.0
103,30,0.0
103,31,0.0
103,32,0.0
103,33,10.799999999999999
103,34,0.0
103,35,0.0
103,36,0.0
103,37,0.0
103,38,0.0
103,39,0.0
103,40,0.0
103,41,0.0
103,42,0.0
103,43,0.0
103,44,0.0
103,45,0.0
103,46,0.0
103,47,10.799999999999999
103,48,0.0
103,49,0.0
103,50,0.0
103,51,0.0
103,52,0.0
103,53,0.0
103,54,0.0
103,55,0.0
103,56,0.0
103,57,0.0
103,58,0.0
103,59,0.0
103,60,0.0
103,61,10.799999999999999
103,62,0.0
103,63,0.0
103,64,0.0
103,65,0.0
103,66,0.0
103,67,0.0
103,68,0.0
103,69,0.0
103,70,0.0
103,71,0.0
103,72,0.0
103,73,0.0
103,74,0.0
103,75,10.799999999999999
103,76,0.0
103,77,0.0
103,78,0.0
103,79,0.0
103,80,0.0
103,81,0.0
103,82,0.0
103,83,0.0
103,84,0.0
103,85,0.0
103,86,0.0
103,87,0.0
103,88,0.0
103,89,10.799999999999999
103,90,0.0
103,91,0.0
103,92,0.0
103,93,0.0
103,94,0.0
103,95,0.0
103,96,0.0
103,97,0.0
103,98,0.0
103,99,0.0
103,100,0.0
103,101,0.0
103,102,0.0
103,103,10.799999999999999
103,104,0.0
103,105,0.0
103,106,0.0
103,107,0.0
103,108,0.0
103,109,0.0
103,110,0.0
103,111,0.0
103,112,0.0
103,113,0.0
103,114,0.0
103,115,0.0
103,116,0.0
103,117,10.799999999999999
103,118,0.0
103,119,0.0
103,120,0.0
103,121,0.0
103,122,0.0
103,123,0.0
103,124,0.0
103,125,0.0
103,126,0.0
103,127,0.0
103,128,0.0
103,129,0.0
103,130,0.0
103,131,10.799999999999999
103,132,0.0
103,133,0.0
103,134,0.0
103,135,0.0
103,136,0.0
103,137,0.0
103,138,0.0
103,139,0.0
103,140,0.0
103,141,0.0
103,142,0.0
103,143,0.0
103,144,0.0
103,145,10.799999999999999
103,146,0.0
103,147,0.0
103,148,0.0
103,149,0.0
103,150,0.0
103,151,0.0
103,152,0.0
103,153,0.0
103,154,0.0
103,155,0.0
103,156,0.0
103,157,0.0
103,158,0.0
103,159,10.799999999999999
103,160,0.0
103,161,0.0
103,162,0.0
103,163,0.0
103,164,0.0
103,165,0.0
103,166,0.0
103,167,0.0
103,168,0.0
103,169,0.0
103,170,0.0
103,171,0.0
103,172,0.0
103,173,10.799999999999999
103,174,0.0
103,175,0.0
103,176,0.0
103,177,0.0
103,178,0.0
103,179,0.0
103,180,0.0
103,181,0.0
103,182,0.0
103,183,0.0
103,184,0.0
103,185,0.0
103,186,0.0
103,187,10.799999999999999
103,188,0.0
103,189,0.0
103,190,0.0
103,191,0.0
103,192,0.0
103,193,0.0
103,194,0.0
103,195,0.0
103,196,0.0
103,197,0.0
103,198,0.0
103,199,0.0
103,200,0.0
103,201,10.799999999999999
103,202,0.0
103,203,0.0
103,204,0.0
103,205,0.0
103,206,0.0
103,207,0.0
103,208,0.0
103,209,0.0
103,210,0.0
103,211,0.0
103,212,0.0
103,213,0.0
103,214,0.0
103,215,10.799999999999999
103,216,0.0
103,217,0.0
103,218,0.0
103,219,0.0
103,220,0.0
103,221,0.0
103,222,0.0
103,223,0.0
103,224,0.0
103,225,0.0
103,226,0.0
103,227,0.0
103,228,0.0
103,229,10.799999999999999
103,230,0.0
103,231,0.0
103,232,0.0
103,233,0.0
103,234,0.0
103,235,0.0
103,236,0.0
103,237,0.0
103,238,0.0
103,239,0.0
103,240,0.0
103,241,0.0
103,242,0.0
103,243,10.799999999999999
103,244,0.0
103,245,0.0
103,246,0.0
103,247,0.0
103,248,0.0
103,249,0.0
103,250,0.0
103,251,0.0
103,252,0.0
103,253,0.0
103,254,0.0
103,255,0.0
103,256,0.0
103,257,10.799999999999999
103,258,0.0
103,259,0.0
103,260,0.0
103,261,0.0
103,262,0.0
103,263,0.0
103,264,0.0
103,265,0.0
103,266,0.0
103,267,0.0
103,268,0.0
103,269,0.0
103,270,0.0
103,271,10.799999999999999
103,272,0.0
103,273,0.0
103,274,0.0
103,275,0.0
103,276,0.0
103,277,0.0
103,278,0.0
103,279,0.0
103,280,0.0
103,281,0.0
103,282,0.0
103,283,0.0
103,284,0.0
103,285,10.799999999999999
103,286,0.0
103,287,0.0
103,288,0.0
103,289,0.0
103,290,0.0
103,291,0.0
103,292,0.0
103,293,0.0
103,294,0.0
103,295,0.0
103,296,0.0
103,297,0.0
103,298,0.0
103,299,10.799999999999999
103,300,0.0
103,301,0.0
103,302,0.0
103,303,0.0
103,304,0.0
103,305,0.0
103,306,0.0
103,307,0.0
103,308,0.0
103,309,0.0
103,310,0.0
103,311,0.0
103,312,0.0
103,313,10.799999999999999
103,314,0.0
103,315,0.0
103,316,0.0
103,317,0.0
103,318,0.0
103,319,0.0
103,320,0.0
103,321,0.0
103,322,0.0
103,323,0.0
103,324,0.0
103,325,0.0
103,326,0.0
103,327,10.799999999999999
103,328,0.0
103,329,0.0
103,330,0.0
103,331,0.0
103,332,0.0
103,333,0.0
103,334,0.0
103,335,0.0
103,336,0.0
103,337,0.0
103,338,0.0
103,339,0.0
103,340,0.0
103,341,10.799999999999999
103,342,0.0
103,343,0.0
103,344,0.0
103,345,0.0
103,346,0.0
103,347,0.0
103,348,0.0
103,349,0.0
103,350,0.0
103,351,0.0
103,352,0.0
103,353,0.0
103,354,0.0
103,355,10.799999999999999
103,356,0.0
103,357,0.0
103,358,0.0
103,359,0.0
103,360,0.0
103,361,0.0
103,362,0.0
103,363,0.0
103,364,0.0
103,365,0.0
104,1,0.0
104,2,0.0
104,3,0.0
104,4,10.799999999999999
104,5,0.0
104,6,0.0
104,7,0.0
104,8,0.0
104,9,0.0
104,10,0.0
104,11,0.0
104,12,0.0
104,13,0.0
104,14,0.0
104,15,0.0
104,16,0.0
104,17,0.0
104,18,10.799999999999999
104,19,0.0
104,20,0.0
104,21,0.0
104,22,0.0
104,23,0.0
104,24,0.0
104,25,0.0
104,26,0.0
104,27,0.0
104,28,0.0
104,29,0.0
104,30,0.0
104,31,0.0
104,32,10.799999999999999
104,33,0.0
104,34,0.0
104,35,0.0
104,36,0.0
104,37,0.0
104,38,0.0
104,39,0.0
104,40,0.0
104,41,0.0
104,42,0.0
104,43,0.0
104,44,0.0
104,45,0.0
104,46,10.799999999999999
104,47,0.0
104,48,0.0
104,49,0.0
104,50,0.0
104,51,0.0
104,52,0.0
104,53,0.0
104,54,0.0
104,55,0.0
104,56,0.0
104,57,0.0
104,58,0.0
104,59,0.0
104,60,10.799999999999999
104,61,0.0
104,62,0.0
104,63,0.0
104,64,0.0
104,65,0.0
104,66,0.0
104,67,0.0
104,68,0.0
104,69,0.0
104,70,0.0
104,71,0.0
104,72,0.0
104,73,0.0
104,74,10.799999999999999
104,75,0.0
104,76,0.0
104,77,0.0
104,78,0.0
104,79,0.0
104,80,0.0
104,81,0.0
104,82,0.0
104,83,0.0
104,84,0.0
104,85,0.0
104,86,0.0
104,87,0.0
104,88,10.799999999999999
104,89,0.0
104,90,0.0
104,91,0.0
104,92,0.0
104,93,0.0
104,94,0.0
104,95,0.0
104,96,0.0
104,97,0.0
104,98,0.0
104,99,0.0
104,100,0.0
104,101,0.0
104,102,10.799999999999999
104,103,0.0
104,104,0.0
104,105,0.0
104,106,0.0
104,107,0.0
104,108,0.0
104,109,0.0
104,110,0.0
104,111,0.0
104,112,0.0
104,113,0.0
104,114,0.0
104,115,0.0
104,116,10.799999999999999
104,117,0.0
104,118,0.0
104,119,0.0
104,120,0.0
104,121,0.0
104,122,0.0
104,123,0.0
104,124,0.0
104,125,0.0
104,126,0.0
104,127,0.0
104,128,0.0
104,129,0.0
104,130,10.799999999999999
104,131,0.0
104,132,0.0
104,133,0.0
104,134,0.0
104,135,0.0
104,136,0.0
104,137,0.0
104,138,0.0
104,139,0.0
104,140,0.0
104,141,0.0
104,142,0.0
104,143,0.0
104,144,10.799999999999999
104,145,0.0
104,146,0.0
104,147,0.0
104,148,0.0
104,149,0.0
104,150,0.0
104,151,0.0
104,152,0.0
104,153,0.0
104,154,0.0
104,155,0.0
104,156,0.0
104,157,0.0
104,158,10.799999999999999
104,159,0.0
104,160,0.0
104,161,0.0
104,162,0.0
104,163,0.0
104,164,0.0
104,165,0.0
104,166,0.0
104,167,0.0
104,168,0.0
104,169,0.0
104,170,0.0
104,171,0.0
104,172,10.799999999999999
104,173,0.0
104,174,0.0
104,175,0.0
104,176,0.0
104,177,0.0
104,178,0.0
104,179,0.0
104,180,0.0
104,181,0.0
104,182,0.0
104,183,0.0
104,184,0.0
104,185,0.0
104,186,10.799999999999999
104,187,0.0
104,188,0.0
104,189,0.0
104,190,0.0
104,191,0.0
104,192,0.0
104,193,0.0
104,194,0.0
104,195,0.0
104,196,0.0
104,197,0.0
104,198,0.0
104,199,0.0
104,200,10.799999999999999
104,201,0.0
104,202,0.0
104,203,0.0
104,204,0.0
104,205,0.0
104,206,0.0
104,207,0.0
104,208,0.0
104,209,0.0
104,210,0.0
104,211,0.0
104,212,0.0
104,213,0.0
104,214,10.799999999999999
104,215,0.0
104,216,0.0
104,217,0.0
104,218,0.0
104,219,0.0
104,220,0.0
104,221,0.0
104,222,0.0
104,223,0.0
104,224,0.0
104,225,0.0
104,226,0.0
104,227,0.0
104,228,10.799999999999999
104,229,0.0
104,230,0.0
104,231,0.0
104,232,0.0
104,233,0.0
104,234,0.0
104,235,0.0
104,236,0.0
104,237,0.0
104,238,0.0
104,239,0.0
104,240,0.0
104,241,0.0
104,242,10.799999999999999
104,243,0.0
104,244,0.0
104,245,0.0
104,246,0.0
104,247,0.0
104,248,0.0
104,249,0.0
104,250,0.0
104,251,0.0
104,252,0.0
104,253,0.0
104,254,0.0
104,255,0.0
104,256,10.799999999999999
104,257,0.0
104,258,0.0
104,259,0.0
104,260,0.0
104,261,0.0
104,262,0.0
104,263,0.0
104,264,0.0
104,265,0.0
104,266,0.0
104,267,0.0
104,268,0.0
104,269,0.0
104,270,10.799999999999999
104,271,0.0
104,272,0.0
104,273,0.0
104,274,0.0
104,275,0.0
104,276,0.0
104,277,0.0
104,278,0.0
104,279,0.0
104,280,0.0
104,281,0.0
104,282,0.0
104,283,0.0
104,284,10.799999999999999
104,285,0.0
104,286,0.0
104,287,0.0
104,288,0.0
104,289,0.0
104,290,0.0
104,291,0.0
104,292,0.0
104,293,0.0
104,294,0.0
104,295,0.0
104,296,0.0
104,297,0.0
104,298,10.799999999999999
104,299,0.0
104,300,0.0
104,301,0.0
104,302,0.0
104,303,0.0
104,304,0.0
104,305,0.0
104,306,0.0
104,307,0.0
104,308,0.0
104,309,0.0
104,310,0.0
104,311,0.0
104,312,10.799999999999999
104,313,0.0
104,314,0.0
104,315,0.0
104,316,0.0
104,317,0.0
104,318,0.0
104,319,0.0
104,320,0.0
104,321,0.0
104,322,0.0
104,323,0.0
104,324,0.0
104,325,0.0
104,326,10.799999999999999
104,327,0.0
104,328,0.0
104,329,0.0
104,330,0.0
104,331,0.0
104,332,0.0
104,333,0.0
104,334,0.0
104,335,0.0
104,336,0.0
104,337,0.0
104,338,0.0
104,339,0.0
104,340,10.799999999999999
104,341,0.0
104,342,0.0
104,343,0.0
104,344,0.0
104,345,0.0
104,346,0.0
104,347,0.0
104,348,0.0
104,349,0.0
104,350,0.0
104,351,0.0
104,352,0.0
104,353,0.0
104,354,10.799999999999999
104,355,0.0
104,356,0.0
104,357,0.0
104,358,0.0
104,359,0.0
104,360,0.0
104,361,0.0
104,362,0.0
104,363,0.0
104,364,0.0
104,365,0.0
105,1,0.0
105,2,0.0
105,3,0.0
105,4,0.0
105,5,0.0
105,6,0.0
105,7,0.0
105,8,0.0
105,9,0.0
105,10,0.0
105,11,0.0
105,12,10.799999999999999
105,13,0.0
105,14,0.0
105,15,0.0
105,16,0.0
105,17,0.0
105,18,0.0
105,19,0.0
105,20,0.0
105,21,0.0
105,22,0.0
105,23,0.0
105,24,0.0
105,25,0.0
105,26,10.799999999999999
105,27,0.0
105,28,0.0
105,29,0.0
105,30,0.0
105,31,0.0
105,32,0.0
105,33,0.0
105,34,0.0
105,35,0.0
105,36,0.0
105,37,0.0
105,38,0.0
105,39,0.0
105,40,10.799999999999999
105,41,0.0
105,42,0.0
105,43,0.0
105,44,0.0
105,45,0.0
105,46,0.0
105,47,0.0
105,48,0.0
105,49,0.0
105,50,0.0
105,51,0.0
105,52,0.0
105,53,0.0
105,54,10.799999999999999
105,55,0.0
105,56,0.0
105,57,0.0
105,58,0.0
105,59,0.0
105,60,0.0
105,61,0.0
105,62,0.0
105,63,0.0
105,64,0.0
105,65,0.0
105,66,0.0
105,67,0.0
105,68,10.799999999999999
105,69,0.0
105,70,0.0
105,71,0.0
105,72,0.0
105,73,0.0
105,74,0.0
105,75,0.0
105,76,0.0
105,77,0.0
105,78,0.0
105,79,0.0
105,80,0.0
105,81,0.0
105,82,10.799999999999999
105,83,0.0
105,84,0.0
105,85,0.0
105,86,0.0
105,87,0.0
105,88,0.0
105,89,0.0
105,90,0.0
105,91,0.0
105,92,0.0
105,93,0.0
105,94,0.0
105,95,0.0
105,96,10.799999999999999
105,97,0.0
105,98,0.0
105,99,0.0
105,100,0.0
105,101,0.0
105,102,0.0
105,103,0.0
105,104,0.0
105,105,0.0
105,106,0.0
105,107,0.0
105,108,0.0
105,109,0.0
105,110,10.799999999999999
105,111,0.0
105,112,0.0
105,113,0.0
105,114,0.0
105,115,0.0
105,116,0.0
105,117,0.0
105,118,0.0
105,119,0.0
105,120,0.0
105,121,0.0
105,122,0.0
105,123,0.0
105,124,10.799999999999999
105,125,0.0
105,126,0.0
105,127,0.0
105,128,0.0
105,129,0.0
105,130,0.0
105,131,0.0
105,132,0.0
105,133,0.0
105,134,0.0
105,135,0.0
105,136,0.0
105,137,0.0
105,138,10.799999999999999
105,139,0.0
105,140,0.0
105,141,0.0
105,142,0.0
105,143,0.0
105,144,0.0
105,145,0.0
105,146,0.0
105,147,0.0
105,148,0.0
105,149,0.0
105,150,0.0
105,151,0.0
105,152,10.799999999999999
105,153,0.0
105,154,0.0
105,155,0.0
105,156,0.0
105,157,0.0
105,158,0.0
105,159,0.0
105,160,0.0
105,161,0.0
105,162,0.0
105,163,0.0
105,164,0.0
105,165,0.0
105,166,10.799999999999999
105,167,0.0
105,168,0.0
105,169,0.0
105,170,0.0
105,171,0.0
105,172,0.0
105,173,0.0
105,174,0.0
105,175,0.0
105,176,0.0
105,177,0.0
105,178,0.0
105,179,0.0
105,180,10.799999999999999
105,181,0.0
105,182,0.0
105,183,0.0
105,184,0.0
105,185,0.0
105,186,0.0
105,187,0.0
105,188,0.0
105,189,0.0
105,190,0.0
105,191,0.0
105,192,0.0
105,193,0.0
105,194,10.799999999999999
105,195,0.0
105,196,0.0
105,197,0.0
105,198,0.0
105,199,0.0
105,200,0.0
105,201,0.0
105,202,0.0
105,203,0.0
105,204,0.0
105,205,0.0
105,206,0.0
105,207,0.0
105,208,10.799999999999999
105,209,0.0
105,210,0.0
105,211,0.0
105,212,0.0
105,213,0.0
105,214,0.0
105,215,0.0
105,216,0.0
105,217,0.0
105,218,0.0
105,219,0.0
105,220,0.0
105,221,0.0
105,222,10.799999999999999
105,223,0.0
105,224,0.0
105,225,0.0
105,226,0.0
105,227,0.0
105,228,0.0
105,229,0.0
105,230,0.0
105,231,0.0
105,232,0.0
105,233,0.0
105,234,0.0
105,235,0.0
105,236,10.799999999999999
105,237,0.0
105,238,0.0
105,239,0.0
105,240,0.0
105,241,0.0
105,242,0.0
105,243,0.0
105,244,0.0
105,245,0.0
105,246,0.0
105,247,0.0
105,248,0.0
105,249,0.0
105,250,10.799999999999999
105,251,0.0
105,252,0.0
105,253,0.0
105,254,0.0
105,255,0.0
105,256,0.0
105,257,0.0
105,258,0.0
105,259,0.0
105,260,0.0
105,261,0.0
105,262,0.0
105,263,0.0
105,264,10.799999999999999
105,265,0.0
105,266,0.0
105,267,0.0
105,268,0.0
105,269,0.0
105,270,0.0
105,271,0.0
105,272,0.0
105,273,0.0
105,274,0.0
105,275,0.0
105,276,0.0
105,277,0.0
105,278,10.799999999999999
105,279,0.0
105,280,0.0
105,281,0.0
105,282,0.0
105,283,0.0
105,284,0.0
105,285,0.0
105,286,0.0
105,287,0.0
105,288,0.0
105,289,0.0
105,290,0.0
105,291,0.0
105,292,10.799999999999999
105,293,0.0
105,294,0.0
105,295,0.0
105,296,0.0
105,297,0.0
105,298,0.0
105,299,0.0
105,300,0.0
105,301,0.0
105,302,0.0
105,303,0.0
105,304,0.0
105,305,0.0
105,306,10.799999999999999
105,307,0.0
105,308,0.0
105,309,0.0
105,310,0.0
105,311,0.0
105,312,0.0
105,313,0.0
105,314,0.0
105,315,0.0
105,316,0.0
105,317,0.0
105,318,0.0
105,319,0.0
105,320,10.799999999999999
105,321,0.0
105,322,0.0
105,323,0.0
105,324,0.0
105,325,0.0
105,326,0.0
105,327,0.0
105,328,0.0
105,329,0.0
105,330,0.0
105,331,0.0
105,332,0.0
105,333,0.0
105,334,10.799999999999999
105,335,0.0
105,336,0.0
105,337,0.0
105,338,0.0
105,339,0.0
105,340,0.0
105,341,0.0
105,342,0.0
105,343,0.0
105,344,0.0
105,345,0.0
105,346,0.0
105,347,0.0
105,348,10.799999999999999
105,349,0.0
105,350,0.0
105,351,0.0
105,352,0.0
105,353,0.0
105,354,0.0
105,355,0.0
105,356,0.0
105,357,0.0
105,358,0.0
105,359,0.0
105,360,0.0
105,361,0.0
105,362,10.799999999999999
105,363,0.0
105,364,0.0
105,365,0.0
106,1,0.0
106,2,0.0
106,3,0.0
106,4,0.0
106,5,0.0
106,6,0.0
106,7,0.0
106,8,0.0
106,9,0.0
106,10,0.0
106,11,10.799999999999999
106,12,0.0
106,13,0.0
106,14,0.0
106,15,0.0
106,16,0.0
106,17,0.0
106,18,0.0
106,19,0.0
106,20,0.0
106,21,0.0
106,22,0.0
106,23,0.0
106,24,0.0
106,25,10.799999999999999
106,26,0.0
106,27,0.0
106,28,0.0
106,29,0.0
106,30,0.0
106,31,0.0
106,32,0.0
106,33,0.0
106,34,0.0
106,35,0.0
106,36,0.0
106,37,0.0
106,38,0.0
106,39,10.799999999999999
106,40,0.0
106,41,0.0
106,42,0.0
106,43,0.0
106,44,0.0
106,45,0.0
106,46,0.0
106,47,0.0
106,48,0.0
106,49,0.0
106,50,0.0
106,51,0.0
106,52,0.0
106,53,10.799999999999999
106,54,0.0
106,55,0.0
106,56,0.0
106,57,0.0
106,58,0.0
106,59,0.0
106,60,0.0
106,61,0.0
106,62,0.0
106,63,0.0
106,64,0.0
106,65,0.0
106,66,0.0
106,67,10.799999999999999
106,68,0.0
106,69,0.0
106,70,0.0
106,71,0.0
106,72,0.0
106,73,0.0
106,74,0.0
106,75,0.0
106,76,0.0
106,77,0.0
106,78,0.0
106,79,0.0
106,80,0.0
106,81,10.799999999999999
106,82,0.0
106,83,0.0
106,84,0.0
106,85,0.0
106,86,0.0
106,87,0.0
106,88,0.0
106,89,0.0
106,90,0.0
106,91,0.0
106,92,0.0
106,93,0.0
106,94,0.0
106,95,10.799999999999999
106,96,0.0
106,97,0.0
106,98,0.0
106,99,0.0
106,100,0.0
106,101,0.0
106,102,0.0
106,103,0.0
106,104,0.0
106,105,0.0
106,106,0.0
106,107,0.0
106,108,0.0
106,109,10.799999999999999
106,110,0.0
106,111,0.0
106,112,0.0
106,113,0.0
106,114,0.0
106,115,0.0
106,116,0.0
106,117,0.0
106,118,0.0
106,119,0.0
106,120,0.0
106,121,0.0
106,122,0.0
106,123,10.799999999999999
106,124,0.0
106,125,0.0
106,126,0.0
106,127,0.0
106,128,0.0
106,129,0.0
106,130,0.0
106,131,0.0
106,132,0.0
106,133,0.0
106,134,0.0
106,135,0.0
106,136,0.0
106,137,10.799999999999999
106,138,0.0
106,139,0.0
106,140,0.0
106,141,0.0
106,142,0.0
106,143,0.0
106,144,0.0
106,145,0.0
106,146,0.0
106,147,0.0
106,148,0.0
106,149,0.0
106,150,0.0
106,151,10.799999999999999
106,152,0.0
106,153,0.0
106,154,0.0
106,155,0.0
106,156,0.0
106,157,0.0
106,158,0.0
106,159,0.0
106,160,0.0
106,161,0.0
106,162,0.0
106,163,0.0
106,164,0.0
106,165,10.799999999999999
106,166,0.0
106,167,0.0
106,168,0.0
106,169,0.0
106,170,0.0
106,171,0.0
106,172,0.0
106,173,0.0
106,174,0.0
106,175,0.0
106,176,0.0
106,177,0.0
106,178,0.0
106,179,10.799999999999999
106,180,0.0
106,181,0.0
106,182,0.0
106,183,0.0
106,184,0.0
106,185,0.0
106,186,0.0
106,187,0.0
106,188,0.0
106,189,0.0
106,190,0.0
106,191,0.0
106,192,0.0
106,193,10.799999999999999
106,194,0.0
106,195,0.0
106,196,0.0
106,197,0.0
106,198,0.0
106,199,0.0
106,200,0.0
106,201,0.0
106,202,0.0
106,203,0.0
106,204,0.0
106,205,0.0
106,206,0.0
106,207,10.799999999999999
106,208,0.0
106,209,0.0
106,210,0.0
106,211,0.0
106,212,0.0
106,213,0.0
106,214,0.0
106,215,0.0
106,216,0.0
106,217,0.0
106,218,0.0
106,219,0.0
106,220,0.0
106,221,10.799999999999999
106,222,0.0
106,223,0.0
106,224,0.0
106,225,0.0
106,226,0.0
106,227,0.0
106,228,0.0
106,229,0.0
106,230,0.0
106,231,0.0
106,232,0.0
106,233,0.0
106,234,0.0
106,235,10.799999999999999
106,236,0.0
106,237,0.0
106,238,0.0
106,239,0.0
106,240,0.0
106,241,0.0
106,242,0.0
106,243,0.0
106,244,0.0
106,245,0.0
106,246,0.0
106,247,0.0
106,248,0.0
106,249,10.799999999999999
106,250,0.0
106,251,0.0
106,252,0.0
106,253,0.0
106,254,0.0
106,255,0.0
106,256,0.0
106,257,0.0
106,258,0.0
106,259,0.0
106,260,0.0
106,261,0.0
106,262,0.0
106,263,10.799999999999999
106,264,0.0
106,265,0.0
106,266,0.0
106,267,0.0
106,268,0.0
106,269,0.0
106,270,0.0
106,271,0.0
106,272,0.0
106,273,0.0
106,274,0.0
106,275,0.0
106,276,0.0
106,277,10.799999999999999
106,278,0.0
106,279,0.0
106,280,0.0
106,281,0.0
106,282,0.0
106,283,0.0
106,284,0.0
106,285,0.0
106,286,0.0
106,287,0.0
106,288,0.0
106,289,0.0
106,290,0.0
106,291,10.799999999999999
106,292,0.0
106,293,0.0
106,294,0.0
106,295,0.0
106,296,0.0
106,297,0.0
106,298,0.0
106,299,0.0
106,300,0.0
106,301,0.0
106,302,0.0
106,303,0.0
106,304,0.0
106,305,10.799999999999999
106,306,0.0
106,307,0.0
106,308,0.0
106,309,0.0
106,310,0.0
106,311,0.0
106,312,0.0
106,313,0.0
106,314,0.0
106,315,0.0
106,316,0.0
106,317,0.0
106,318,0.0
106,319,10.799999999999999
106,320,0.0
106,321,0.0
106,322,0.0
106,323,0.0
106,324,0.0
106,325,0.0
106,326,0.0
106,327,0.0
106,328,0.0
106,329,0.0
106,330,0.0
106,331,0.0
106,332,0.0
106,333,10.799999999999999
106,334,0.0
106,335,0.0
106,336,0.0
106,337,0.0
106,338,0.0
106,339,0.0
106,340,0.0
106,341,0.0
106,342,0.0
106,343,0.0
106,344,0.0
106,345,0.0
106,346,0.0
106,347,10.799999999999999
106,348,0.0
106,349,0.0
106,350,0.0
106,351,0.0
106,352,0.0
106,353,0.0
106,354,0.0
106,355,0.0
106,356,0.0
106,357,0.0
106,358,0.0
106,359,0.0
106,360,0.0
106,361,10.799999999999999
106,362,0.0
106,363,0.0
106,364,0.0
106,365,0.0
107,1,0.0
107,2,0.0
107,3,0.0
107,4,0.0
107,5,0.0
107,6,0.0
107,7,0.0
107,8,10.799999999999999
107,9,0.0
107,10,0.0
107,11,0.0
107,12,0.0
107,13,0.0
107,14,0.0
107,15,0.0
107,16,0.0
107,17,0.0
107,18,0.0
107,19,0.0
107,20,0.0
107,21,0.0
107,22,10.799999999999999
107,23,0.0
107,24,0.0
107,25,0.0
107,26,0.0
107,27,0.0
107,28,0.0
107,29,0.0
107,30,0.0
107,31,0.0
107,32,0.0
107,33,0.0
107,34,0.0
107,35,0.0
107,36,10.799999999999999
107,37,0.0
107,38,0.0
107,39,0.0
107,40,0.0
107,41,0.0
107,42,0.0
107,43,0.0
107,44,0.0
107,45,0.0
107,46,0.0
107,47,0.0
107,48,0.0
107,49,0.0
107,50,10.799999999999999
107,51,0.0
107,52,0.0
107,53,0.0
107,54,0.0
107,55,0.0
107,56,0.0
107,57,0.0
107,58,0.0
107,59,0.0
107,60,0.0
107,61,0.0
107,62,0.0
107,63,0.0
107,64,10.799999999999999
107,65,0.0
107,66,0.0
107,67,0.0
107,68,0.0
107,69,0.0
107,70,0.0
107,71,0.0
107,72,0.0
107,73,0.0
107,74,0.0
107,75,0.0
107,76,0.0
107,77,0.0
107,78,10.799999999999999
107,79,0.0
107,80,0.0
107,81,0.0
107,82,0.0
107,83,0.0
107,84,0.0
107,85,0.0
107,86,0.0
107,87,0.0
107,88,0.0
107,89,0.0
107,90,0.0
107,91,0.0
107,92,10.799999999999999
107,93,0.0
107,94,0.0
107,95,0.0
107,96,0.0
107,97,0.0
107,98,0.0
107,99,0.0
107,100,0.0
107,101,0.0
107,102,0.0
107,103,0.0
107,104,0.0
107,105,0.0
107,106,10.799999999999999
107,107,0.0
107,108,0.0
107,109,0.0
107,110,0.0
107,111,0.0
107,112,0.0
107,113,0.0
107,114,0.0
107,115,0.0
107,116,0.0
107,117,0.0
107,118,0.0
107,119,0.0
107,120,10.799999999999999
107,121,0.0
107,122,0.0
107,123,0.0
107,124,0.0
107,125,0.0
107,126,0.0
107,127,0.0
107,128,0.0
107,129,0.0
107,130,0.0
107,131,0.0
107,132,0.0
107,133,0.0
107,134,10.799999999999999
107,135,0.0
107,136,0.0
107,137,0.0
107,138,0.0
107,139,0.0
107,140,0.0
107,141,0.0
107,142,0.0
107,143,0.0
107,144,0.0
107,145,0.0
107,146,0.0
107,147,0.0
107,148,10.799999999999999
107,149,0.0
107,150,0.0
107,151,0.0
107,152,0.0
107,153,0.0
107,154,0.0
107,155,0.0
107,156,0.0
107,157,0.0
107,158,0.0
107,159,0.0
107,160,0.0
107,161,0.0
107,162,10.799999999999999
107,163,0.0
107,164,0.0
107,165,0.0
107,166,0.0
107,167,0.0
107,168,0.0
107,169,0.0
107,170,0.0
107,171,0.0
107,172,0.0
107,173,0.0
107,174,0.0
107,175,0.0
107,176,10.799999999999999
107,177,0.0
107,178,0.0
107,179,0.0
107,180,0.0
107,181,0.0
107,182,0.0
107,183,0.0
107,184,0.0
107,185,0.0
107,186,0.0
107,187,0.0
107,188,0.0
107,189,0.0
107,190,10.799999999999999
107,191,0.0
107,192,0.0
107,193,0.0
107,194,0.0
107,195,0.0
107,196,0.0
107,197,0.0
107,198,0.0
107,199,0.0
107,200,0.0
107,201,0.0
107,202,0.0
107,203,0.0
107,204,10.799999999999999
107,205,0.0
107,206,0.0
107,207,0.0
107,208,0.0
107,209,0.0
107,210,0.0
107,211,0.0
107,212,0.0
107,213,0.0
107,214,0.0
107,215,0.0
107,216,0.0
107,217,0.0
107,218,10.799999999999999
107,219,0.0
107,220,0.0
107,221,0.0
107,222,0.0
107,223,0.0
107,224,0.0
107,225,0.0
107,226,0.0
107,227,0.0
107,228,0.0
107,229,0.0
107,230,0.0
107,231,0.0
107,232,10.799999999999999
107,233,0.0
107,234,0.0
107,235,0.0
107,236,0.0
107,237,0.0
107,238,0.0
107,239,0.0
107,240,0.0
107,241,0.0
107,242,0.0
107,243,0.0
107,244,0.0
107,245,0.0
107,246,10.799999999999999
107,247,0.0
107,248,0.0
107,249,0.0
107,250,0.0
107,251,0.0
107,252,0.0
107,253,0.0
107,254,0.0
107,255,0.0
107,256,0.0
107,257,0.0
107,258,0.0
107,259,0.0
107,260,10.799999999999999
107,261,0.0
107,262,0.0
107,263,0.0
107,264,0.0
107,265,0.0
107,266,0.0
107,267,0.0
107,268,0.0
107,269,0.0
107,270,0.0
107,271,0.0
107,272,0.0
107,273,0.0
107,274,10.799999999999999
107,275,0.0
107,276,0.0
107,277,0.0
107,278,0.0
107,279,0.0
107,280,0.0
107,281,0.0
107,282,0.0
107,283,0.0
107,284,0.0
107,285,0.0
107,286,0.0
107,287,0.0
107,288,10.799999999999999
107,289,0.0
107,290,0.0
107,291,0.0
107,292,0.0
107,293,0.0
107,294,0.0
107,295,0.0
107,296,0.0
107,297,0.0
107,298,0.0
107,299,0.0
107,300,0.0
107,301,0.0
107,302,10.799999999999999
107,303,0.0
107,304,0.0
107,305,0.0
107,306,0.0
107,307,0.0
107,308,0.0
107,309,0.0
107,310,0.0
107,311,0.0
107,312,0.0
107,313,0.0
107,314,0.0
107,315,0.0
107,316,10.799999999999999
107,317,0.0
107,318,0.0
107,319,0.0
107,320,0.0
107,321,0.0
107,322,0.0
107,323,0.0
107,324,0.0
107,325,0.0
107,326,0.0
107,327,0.0
107,328,0.0
107,329,0.0
107,330,10.799999999999999
107,331,0.0
107,332,0.0
107,333,0.0
107,334,0.0
107,335,0.0
107,336,0.0
107,337,0.0
107,338,0.0
107,339,0.0
107,340,0.0
107,341,0.0
107,342,0.0
107,343,0.0
107,344,10.799999999999999
107,345,0.0
107,346,0.0
107,347,0.0
107,348,0.0
107,349,0.0
107,350,0.0
107,351,0.0
107,352,0.0
107,353,0.0
107,354,0.0
107,355,0.0
107,356,0.0
107,357,0.0
107,358,10.799999999999999
107,359,0.0
107,360,0.0
107,361,0.0
107,362,0.0
107,363,0.0
107,364,0.0
107,365,0.0
108,1,10.799999999999999
108,2,0.0
108,3,0.0
108,4,0.0
108,5,0.0
108,6,0.0
108,7,0.0
108,8,0.0
108,9,0.0
108,10,0.0
108,11,0.0
108,12,0.0
108,13,0.0
108,14,0.0
108,15,10.799999999999999
108,16,0.0
108,17,0.0
108,18,0.0
108,19,0.0
108,20,0.0
108,21,0.0
108,22,0.0
108,23,0.0
108,24,0.0
108,25,0.0
108,26,0.0
108,27,0.0
108,28,0.0
108,29,10.799999999999999
108,30,0.0
108,31,0.0
108,32,0.0
108,33,0.0
108,34,0.0
108,35,0.0
108,36,0.0
108,37,0.0
108,38,0.0
108,39,0.0
108,40,0.0
108,41,0.0
108,42,0.0
108,43,10.799999999999999
108,44,0.0
108,45,0.0
108,46,0.0
108,47,0.0
108,48,0.0
108,49,0.0
108,50,0.0
108,51,0.0
108,52,0.0
108,53,0.0
108,54,0.0
108,55,0.0
108,56,0.0
108,57,10.799999999999999
108,58,0.0
108,59,0.0
108,60,0.0
108,61,0.0
108,62,0.0
108,63,0.0
108,64,0.0
108,65,0.0
108,66,0.0
108,67,0.0
108,68,0.0
108,69,0.0
108,70,0.0
108,71,10.799999999999999
108,72,0.0
108,73,0.0
108,74,0.0
108,75,0.0
108,76,0.0
108,77,0.0
108,78,0.0
108,79,0.0
108,80,0.0
108,81,0.0
108,82,0.0
108,83,0.0
108,84,0.0
108,85,10.799999999999999
108,86,0.0
108,87,0.0
108,88,0.0
108,89,0.0
108,90,0.0
108,91,0.0
108,92,0.0
108,93,0.0
108,94,0.0
108,95,0.0
108,96,0.0
108,97,0.0
108,98,0.0
108,99,10.799999999999999
108,100,0.0
108,101,0.0
108,102,0.0
108,103,0.0
108,104,0.0
108,105,0.0
108,106,0.0
108,107,0.0
108,108,0.0
108,109,0.0
108,110,0.0
108,111,0.0
108,112,0.0
108,113,10.799999999999999
108,114,0.0
108,115,0.0
108,116,0.0
108,117,0.0
108,118,0.0
108,119,0.0
108,120,0.0
108,121,0.0
108,122,0.0
108,123,0.0
108,124,0.0
108,125,0.0
108,126,0.0
108,127,10.799999999999999
108,128,0.0
108,129,0.0
108,130,0.0
108,131,0.0
108,132,0.0
108,133,0.0
108,134,0.0
108,135,0.0
108,136,0.0
108,137,0.0
108,138,0.0
108,139,0.0
108,140,0.0
108,141,10.799999999999999
108,142,0.0
108,143,0.0
108,144,0.0
108,145,0.0
108,146,0.0
108,147,0.0
108,148,0.0
108,149,0.0
108,150,0.0
108,151,0.0
108,152,0.0
108,153,0.0
108,154,0.0
108,155,10.799999999999999
108,156,0.0
108,157,0.0
108,158,0.0
108,159,0.0
108,160,0.0
108,161,0.0
108,162,0.0
108,163,0.0
108,164,0.0
108,165,0.0
108,166,0.0
108,167,0.0
108,168,0.0
108,169,10.799999999999999
108,170,0.0
108,171,0.0
108,172,0.0
108,173,0.0
108,174,0.0
108,175,0.0
108,176,0.0
108,177,0.0
108,178,0.0
108,179,0.0
108,180,0.0
108,181,0.0
108,182,0.0
108,183,10.799999999999999
108,184,0.0
108,185,0.0
108,186,0.0
108,187,0.0
108,188,0.0
108,189,0.0
108,190,0.0
108,191,0.0
108,192,0.0
108,193,0.0
108,194,0.0
108,195,0.0
108,196,0.0
108,197,10.799999999999999
108,198,0.0
108,199,0.0
108,200,0.0
108,201,0.0
108,202,0.0
108,203,0.0
108,204,0.0
108,205,0.0
108,206,0.0
108,207,0.0
108,208,0.0
108,209,0.0
108,210,0.0
108,211,10.799999999999999
108,212,0.0
108,213,0.0
108,214,0.0
108,215,0.0
108,216,0.0
108,217,0.0
108,218,0.0
108,219,0.0
108,220,0.0
108,221,0.0
108,222,0.0
108,223,0.0
108,224,0.0
108,225,10.799999999999999
108,226,0.0
108,227,0.0
108,228,0.0
108,229,0.0
108,230,0.0
108,231,0.0
108,232,0.0
108,233,0.0
108,234,0.0
108,235,0.0
108,236,0.0
108,237,0.0
108,238,0.0
108,239,10.799999999999999
108,240,0.0
108,241,0.0
108,242,0.0
108,243,0.0
108,244,0.0
108,245,0.0
108,246,0.0
108,247,0.0
108,248,0.0
108,249,0.0
108,250,0.0
108,251,0.0
108,252,0.0
108,253,10.799999999999999
108,254,0.0
108,255,0.0
108,256,0.0
108,257,0.0
108,258,0.0
108,259,0.0
108,260,0.0
108,261,0.0
108,262,0.0
108,263,0.0
108,264,0.0
108,265,0.0
108,266,0.0
108,267,10.799999999999999
108,268,0.0
108,269,0.0
108,270,0.0
108,271,0.0
108,272,0.0
108,273,0.0
108,274,0.0
108,275,0.0
108,276,0.0
108,277,0.0
108,278,0.0
108,279,0.0
108,280,0.0
108,281,10.799999999999999
108,282,0.0
108,283,0.0
108,284,0.0
108,285,0.0
108,286,0.0
108,287,0.0
108,288,0.0
108,289,0.0
108,290,0.0
108,291,0.0
108,292,0.0
108,293,0.0
108,294,0.0
108,295,10.799999999999999
108,296,0.0
108,297,0.0
108,298,0.0
108,299,0.0
108,300,0.0
108,301,0.0
108,302,0.0
108,303,0.0
108,304,0.0
108,305,0.0
108,306,0.0
108,307,0.0
108,308,0.0
108,309,10.799999999999999
108,310,0.0
108,311,0.0
108,312,0.0
108,313,0.0
108,314,0.0
108,315,0.0
108,316,0.0
108,317,0.0
108,318,0.0
108,319,0.0
108,320,0.0
108,321,0.0
108,322,0.0
108,323,10.799999999999999
108,324,0.0
108,325,0.0
108,326,0.0
108,327,0.0
108,328,0.0
108,329,0.0
108,330,0.0
108,331,0.0
108,332,0.0
108,333,0.0
108,334,0.0
108,335,0.0
108,336,0.0
108,337,10.799999999999999
108,338,0.0
108,339,0.0
108,340,0.0
108,341,0.0
108,342,0.0
108,343,0.0
108,344,0.0
108,345,0.0
108,346,0.0
108,347,0.0
108,348,0.0
108,349,0.0
108,350,0.0
108,351,10.799999999999999
108,352,0.0
108,353,0.0
108,354,0.0
108,355,0.0
108,356,0.0
108,357,0.0
108,358,0.0
108,359,0.0
108,360,0.0
108,361,0.0
108,362,0.0
108,363,0.0
108,364,0.0
108,365,10.799999999999999
109,1,0.0
109,2,0.0
109,3,0.0
109,4,0.0
109,5,0.0
109,6,0.0
109,7,0.0
109,8,0.0
109,9,0.0
109,10,10.799999999999999
109,11,0.0
109,12,0.0
109,13,0.0
109,14,0.0
109,15,0.0
109,16,0.0
109,17,0.0
109,18,0.0
109,19,0.0
109,20,0.0
109,21,0.0
109,22,0.0
109,23,0.0
109,24,10.799999999999999
109,25,0.0
109,26,0.0
109,27,0.0
109,28,0.0
109,29,0.0
109,30,0.0
109,31,0.0
109,32,0.0
109,33,0.0
109,34,0.0
109,35,0.0
109,36,0.0
109,37,0.0
109,38,10.799999999999999
109,39,0.0
109,40,0.0
109,41,0.0
109,42,0.0
109,43,0.0
109,44,0.0
109,45,0.0
109,46,0.0
109,47,0.0
109,48,0.0
109,49,0.0
109,50,0.0
109,51,0.0
109,52,10.799999999999999
109,53,0.0
109,54,0.0
109,55,0.0
109,56,0.0
109,57,0.0
109,58,0.0
109,59,0.0
109,60,0.0
109,61,0.0
109,62,0.0
109,63,0.0
109,64,0.0
109,65,0.0
109,66,10.799999999999999
109,67,0.0
109,68,0.0
109,69,0.0
109,70,0.0
109,71,0.0
109,72,0.0
109,73,0.0
109,74,0.0
109,75,0.0
109,76,0.0
109,77,0.0
109,78,0.0
109,79,0.0
109,80,10.799999999999999
109,81,0.0
109,82,0.0
109,83,0.0
109,84,0.0
109,85,0.0
109,86,0.0
109,87,0.0
109,88,0.0
109,89,0.0
109,90,0.0
109,91,0.0
109,92,0.0
109,93,0.0
109,94,10.799999999999999
109,95,0.0
109,96,0.0
109,97,0.0
109,98,0.0
109,99,0.0
109,100,0.0
109,101,0.0
109,102,0.0
109,103,0.0
109,104,0.0
109,105,0.0
109,106,0.0
109,107,0.0
109,108,10.799999999999999
109,109,0.0
109,110,0.0
109,111,0.0
109,112,0.0
109,113,0.0
109,114,0.0
109,115,0.0
109,116,0.0
109,117,0.0
109,118,0.0
109,119,0.0
109,120,0.0
109,121,0.0
109,122,10.799999999999999
109,123,0.0
109,124,0.0
109,125,0.0
109,126,0.0
109,127,0.0
109,128,0.0
109,129,0.0
109,130,0.0
109,131,0.0
109,132,0.0
109,133,0.0
109,134,0.0
109,135,0.0
109,136,10.799999999999999
109,137,0.0
109,138,0.0
109,139,0.0
109,140,0.0
109,141,0.0
109,142,0.0
109,143,0.0
109,144,0.0
109,145,0.0
109,146,0.0
109,147,0.0
109,148,0.0
109,149,0.0
109,150,10.799999999999999
109,151,0.0
109,152,0.0
109,153,0.0
109,154,0.0
109,155,0.0
109,156,0.0
109,157,0.0
109,158,0.0
109,159,0.0
109,160,0.0
109,161,0.0
109,162,0.0
109,163,0.0
109,164,10.799999999999999
109,165,0.0
109,166,0.0
109,167,0.0
109,168,0.0
109,169,0.0
109,170,0.0
109,171,0.0
109,172,0.0
109,173,0.0
109,174,0.0
109,175,0.0
109,176,0.0
109,177,0.0
109,178,10.799999999999999
109,179,0.0
109,180,0.0
109,181,0.0
109,182,0.0
109,183,0.0
109,184,0.0
109,185,0.0
109,186,0.0
109,187,0.0
109,188,0.0
109,189,0.0
109,190,0.0
109,191,0.0
109,192,10.799999999999999
109,193,0.0
109,194,0.0
109,195,0.0
109,196,0.0
109,197,0.0
109,198,0.0
109,199,0.0
109,200,0.0
109,201,0.0
109,202,0.0
109,203,0.0
109,204,0.0
109,205,0.0
109,206,10.799999999999999
109,207,0.0
109,208,0.0
109,209,0.0
109,210,0.0
109,211,0.0
109,212,0.0
109,213,0.0
109,214,0.0
109,215,0.0
109,216,0.0
109,217,0.0
109,218,0.0
109,219,0.0
109,220,10.799999999999999
109,221,0.0
109,222,0.0
109,223,0.0
109,224,0.0
109,225,0.0
109,226,0.0
109,227,0.0
109,228,0.0
109,229,0.0
109,230,0.0
109,231,0.0
109,232,0.0
109,233,0.0
109,234,10.799999999999999
109,235,0.0
109,236,0.0
109,237,0.0
109,238,0.0
109,239,0.0
109,240,0.0
109,241,0.0
109,242,0.0
109,243,0.0
109,244,0.0
109,245,0.0
109,246,0.0
109,247,0.0
109,248,10.799999999999999
109,249,0.0
109,250,0.0
109,251,0.0
109,252,0.0
109,253,0.0
109,254,0.0
109,255,0.0
109,256,0.0
109,257,0.0
109,258,0.0
109,259,0.0
109,260,0.0
109,261,0.0
109,262,10.799999999999999
109,263,0.0
109,264,0.0
109,265,0.0
109,266,0.0
109,267,0.0
109,268,0.0
109,269,0.0
109,270,0.0
109,271,0.0
109,272,0.0
109,273,0.0
109,274,0.0
109,275,0.0
109,276,10.799999999999999
109,277,0.0
109,278,0.0
109,279,0.0
109,280,0.0
109,281,0.0
109,282,0.0
109,283,0.0
109,284,0.0
109,285,0.0
109,286,0.0
109,287,0.0
109,288,0.0
109,289,0.0
109,290,10.799999999999999
109,291,0.0
109,292,0.0
109,293,0.0
109,294,0.0
109,295,0.0
109,296,0.0
109,297,0.0
109,298,0.0
109,299,0.0
109,300,0.0
109,301,0.0
109,302,0.0
109,303,0.0
109,304,10.799999999999999
109,305,0.0
109,306,0.0
109,307,0.0
109,308,0.0
109,309,0.0
109,310,0.0
109,311,0.0
109,312,0.0
109,313,0.0
109,314,0.0
109,315,0.0
109,316,0.0
109,317,0.0
109,318,10.799999999999999
109,319,0.0
109,320,0.0
109,321,0.0
109,322,0.0
109,323,0.0
109,324,0.0
109,325,0.0
109,326,0.0
109,327,0.0
109,328,0.0
109,329,0.0
109,330,0.0
109,331,0.0
109,332,10.799999999999999
109,333,0.0
109,334,0.0
109,335,0.0
109,336,0.0
109,337,0.0
109,338,0.0
109,339,0.0
109,340,0.0
109,341,0.0
109,342,0.0
109,343,0.0
109,344,0.0
109,345,0.0
109,346,10.799999999999999
109,347,0.0
109,348,0.0
109,349,0.0
109,350,0.0
109,351,0.0
109,352,0.0
109,353,0.0
109,354,0.0
109,355,0.0
109,356,0.0
109,357,0.0
109,358,0.0
109,359,0.0
109,360,10.799999999999999
109,361,0.0
109,362,0.0
109,363,0.0
109,364,0.0
109,365,0.0
110,1,0.0
110,2,0.0
110,3,0.0
110,4,0.0
110,5,0.0
110,6,0.0
110,7,0.0
110,8,0.0
110,9,10.799999999999999
110,10,0.0
110,11,0.0
110,12,0.0
110,13,0.0
110,14,0.0
110,15,0.0
110,16,0.0
110,17,0.0
110,18,0.0
110,19,0.0
110,20,0.0
110,21,0.0
110,22,0.0
110,23,10.799999999999999
110,24,0.0
110,25,0.0
110,26,0.0
110,27,0.0
110,28,0.0
110,29,0.0
110,30,0.0
110,31,0.0
110,32,0.0
110,33,0.0
110,34,0.0
110,35,0.0
110,36,0.0
110,37,10.799999999999999
110,38,0.0
110,39,0.0
110,40,0.0
110,41,0.0
110,42,0.0
110,43,0.0
110,44,0.0
110,45,0.0
110,46,0.0
110,47,0.0
110,48,0.0
110,49,0.0
110,50,0.0
110,51,10.799999999999999
110,52,0.0
110,53,0.0
110,54,0.0
110,55,0.0
110,56,0.0
110,57,0.0
110,58,0.0
110,59,0.0
110,60,0.0
110,61,0.0
110,62,0.0
110,63,0.0
110,64,0.0
110,65,10.799999999999999
110,66,0.0
110,67,0.0
110,68,0.0
110,69,0.0
110,70,0.0
110,71,0.0
110,72,0.0
110,73,0.0
110,74,0.0
110,75,0.0
110,76,0.0
110,77,0.0
110,78,0.0
110,79,10.799999999999999
110,80,0.0
110,81,0.0
110,82,0.0
110,83,0.0
110,84,0.0
110,85,0.0
110,86,0.0
110,87,0.0
110,88,0.0
110,89,0.0
110,90,0.0
110,91,0.0
110,92,0.0
110,93,10.799999999999999
110,94,0.0
110,95,0.0
110,96,0.0
110,97,0.0
110,98,0.0
110,99,0.0
110,100,0.0
110,101,0.0
110,102,0.0
110,103,0.0
110,104,0.0
110,105,0.0
110,106,0.0
110,107,10.799999999999999
110,108,0.0
110,109,0.0
110,110,0.0
110,111,0.0
110,112,0.0
110,113,0.0
110,114,0.0
110,115,0.0
110,116,0.0
110,117,0.0
110,118,0.0
110,119,0.0
110,120,0.0
110,121,10.799999999999999
110,122,0.0
110,123,0.0
110,124,0.0
110,125,0.0
110,126,0.0
110,127,0.0
110,128,0.0
110,129,0.0
110,130,0.0
110,131,0.0
110,132,0.0
110,133,0.0
110,134,0.0
110,135,10.799999999999999
110,136,0.0
110,137,0.0
110,138,0.0
110,139,0.0
110,140,0.0
110,141,0.0
110,142,0.0
110,143,0.0
110,144,0.0
110,145,0.0
110,146,0.0
110,147,0.0
110,148,0.0
110,149,10.799999999999999
110,150,0.0
110,151,0.0
110,152,0.0
110,153,0.0
110,154,0.0
110,155,0.0
110,156,0.0
110,157,0.0
110,158,0.0
110,159,0.0
110,160,0.0
110,161,0.0
110,162,0.0
110,163,10.799999999999999
110,164,0.0
110,165,0.0
110,166,0.0
110,167,0.0
110,168,0.0
110,169,0.0
110,170,0.0
110,171,0.0
110,172,0.0
110,173,0.0
110,174,0.0
110,175,0.0
110,176,0.0
110,177,10.799999999999999
110,178,0.0
110,179,0.0
110,180,0.0
110,181,0.0
110,182,0.0
110,183,0.0
110,184,0.0
110,185,0.0
110,186,0.0
110,187,0.0
110,188,0.0
110,189,0.0
110,190,0.0
110,191,10.799999999999999
110,192,0.0
110,193,0.0
110,194,0.0
110,195,0.0
110,196,0.0
110,197,0.0
110,198,0.0
110,199,0.0
110,200,0.0
110,201,0.0
110,202,0.0
110,203,0.0
110,204,0.0
110,205,10.799999999999999
110,206,0.0
110,207,0.0
110,208,0.0
110,209,0.0
110,210,0.0
110,211,0.0
110,212,0.0
110,213,0.0
110,214,0.0
110,215,0.0
110,216,0.0
110,217,0.0
110,218,0.0
110,219,10.799999999999999
110,220,0.0
110,221,0.0
110,222,0.0
110,223,0.0
110,224,0.0
110,225,0.0
110,226,0.0
110,227,0.0
110,228,0.0
110,229,0.0
110,230,0.0
110,231,0.0
110,232,0.0
110,233,10.799999999999999
110,234,0.0
110,235,0.0
110,236,0.0
110,237,0.0
110,238,0.0
110,239,0.0
110,240,0.0
110,241,0.0
110,242,0.0
110,243,0.0
110,244,0.0
110,245,0.0
110,246,0.0
110,247,10.799999999999999
110,248,0.0
110,249,0.0
110,250,0.0
110,251,0.0
110,252,0.0
110,253,0.0
110,254,0.0
110,255,0.0
110,256,0.0
110,257,0.0
110,258,0.0
110,259,0.0
110,260,0.0
110,261,10.799999999999999
110,262,0.0
110,263,0.0
110,264,0.0
110,265,0.0
110,266,0.0
110,267,0.0
110,268,0.0
110,269,0.0
110,270,0.0
110,271,0.0
110,272,0.0
110,273,0.0
110,274,0.0
110,275,10.799999999999999
110,276,0.0
110,277,0.0
110,278,0.0
110,279,0.0
110,280,0.0
110,281,0.0
110,282,0.0
110,283,0.0
110,284,0.0
110,285,0.0
110,286,0.0
110,287,0.0
110,288,0.0
110,289,10.799999999999999
110,290,0.0
110,291,0.0
110,292,0.0
110,293,0.0
110,294,0.0
110,295,0.0
110,296,0.0
110,297,0.0
110,298,0.0
110,299,0.0
110,300,0.0
110,301,0.0
110,302,0.0
110,303,10.799999999999999
110,304,0.0
110,305,0.0
110,306,0.0
110,307,0.0
110,308,0.0
110,309,0.0
110,310,0.0
110,311,0.0
110,312,0.0
110,313,0.0
110,314,0.0
110,315,0.0
110,316,0.0
110,317,10.799999999999999
110,318,0.0
110,319,0.0
110,320,0.0
110,321,0.0
110,322,0.0
110,323,0.0
110,324,0.0
110,325,0.0
110,326,0.0
110,327,0.0
110,328,0.0
110,329,0.0
110,330,0.0
110,331,10.799999999999999
110,332,0.0
110,333,0.0
110,334,0.0
110,335,0.0
110,336,0.0
110,337,0.0
110,338,0.0
110,339,0.0
110,340,0.0
110,341,0.0
110,342,0.0
110,343,0.0
110,344,0.0
110,345,10.799999999999999
110,346,0.0
110,347,0.0
110,348,0.0
110,349,0.0
110,350,0.0
110,351,0.0
110,352,0.0
110,353,0.0
110,354,0.0
110,355,0.0
110,356,0.0
110,357,0.0
110,358,0.0
110,359,10.799999999999999
110,360,0.0
110,361,0.0
110,362,0.0
110,363,0.0
110,364,0.0
110,365,0.0
111,1,0.0
111,2,0.0
111,3,0.0
111,4,0.0
111,5,0.0
111,6,0.0
111,7,10.799999999999999
111,8,0.0
111,9,0.0
111,10,0.0
111,11,0.0
111,12,0.0
111,13,0.0
111,14,0.0
111,15,0.0
111,16,0.0
111,17,0.0
111,18,0.0
111,19,0.0
111,20,0.0
111,21,10.799999999999999
111,22,0.0
111,23,0.0
111,24,0.0
111,25,0.0
111,26,0.0
111,27,0.0
111,28,0.0
111,29,0.0
111,30,0.0
111,31,0.0
111,32,0.0
111,33,0.0
111,34,0.0
111,35,10.799999999999999
111,36,0.0
111,37,0.0
111,38,0.0
111,39,0.0
111,40,0.0
111,41,0.0
111,42,0.0
111,43,0.0
111,44,0.0
111,45,0.0
111,46,0.0
111,47,0.0
111,48,0.0
111,49,10.799999999999999
111,50,0.0
111,51,0.0
111,52,0.0
111,53,0.0
111,54,0.0
111,55,0.0
111,56,0.0
111,57,0.0
111,58,0.0
111,59,0.0
111,60,0.0
111,61,0.0
111,62,0.0
111,63,10.799999999999999
111,64,0.0
111,65,0.0
111,66,0.0
111,67,0.0
111,68,0.0
111,69,0.0
111,70,0.0
111,71,0.0
111,72,0.0
111,73,0.0
111,74,0.0
111,75,0.0
111,76,0.0
111,77,10.799999999999999
111,78,0.0
111,79,0.0
111,80,0.0
111,81,0.0
111,82,0.0
111,83,0.0
111,84,0.0
111,85,0.0
111,86,0.0
111,87,0.0
111,88,0.0
111,89,0.0
111,90,0.0
111,91,10.799999999999999
111,92,0.0
111,93,0.0
111,94,0.0
111,95,0.0
111,96,0.0
111,97,0.0
111,98,0.0
111,99,0.0
111,100,0.0
111,101,0.0
111,102,0.0
111,103,0.0
111,104,0.0
111,105,10.799999999999999
111,106,0.0
111,107,0.0
111,108,0.0
111,109,0.0
111,110,0.0
111,111,0.0
111,112,0.0
111,113,0.0
111,114,0.0
111,115,0.0
111,116,0.0
111,117,0.0
111,118,0.0
111,119,10.799999999999999
111,120,0.0
111,121,0.0
111,122,0.0
111,123,0.0
111,124,0.0
111,125,0.0
111,126,0.0
111,127,0.0
111,128,0.0
111,129,0.0
111,130,0.0
111,131,0.0
111,132,0.0
111,133,10.799999999999999
111,134,0.0
111,135,0.0
111,136,0.0
111,137,0.0
111,138,0.0
111,139,0.0
111,140,0.0
111,141,0.0
111,142,0.0
111,143,0.0
111,144,0.0
111,145,0.0
111,146,0.0
111,147,10.799999999999999
111,148,0.0
111,149,0.0
111,150,0.0
111,151,0.0
111,152,0.0
111,153,0.0
111,154,0.0
111,155,0.0
111,156,0.0
111,157,0.0
111,158,0.0
111,159,0.0
111,160,0.0
111,161,10.799999999999999
111,162,0.0
111,163,0.0
111,164,0.0
111,165,0.0
111,166,0.0
111,167,0.0
111,168,0.0
111,169,0.0
111,170,0.0
111,171,0.0
111,172,0.0
111,173,0.0
111,174,0.0
111,175,10.799999999999999
111,176,0.0
111,177,0.0
111,178,0.0
111,179,0.0
111,180,0.0
111,181,0.0
111,182,0.0
111,183,0.0
111,184,0.0
111,185,0.0
111,186,0.0
111,187,0.0
111,188,0.0
111,189,10.799999999999999
111,190,0.0
111,191,0.0
111,192,0.0
111,193,0.0
111,194,0.0
111,195,0.0
111,196,0.0
111,197,0.0
111,198,0.0
111,199,0.0
111,200,0.0
111,201,0.0
111,202,0.0
111,203,10.799999999999999
111,204,0.0
111,205,0.0
111,206,0.0
111,207,0.0
111,208,0.0
111,209,0.0
111,210,0.0
111,211,0.0
111,212,0.0
111,213,0.0
111,214,0.0
111,215,0.0
111,216,0.0
111,217,10.799999999999999
111,218,0.0
111,219,0.0
111,220,0.0
111,221,0.0
111,222,0.0
111,223,0.0
111,224,0.0
111,225,0.0
111,226,0.0
111,227,0.0
111,228,0.0
111,229,0.0
111,230,0.0
111,231,10.799999999999999
111,232,0.0
111,233,0.0
111,234,0.0
111,235,0.0
111,236,0.0
111,237,0.0
111,238,0.0
111,239,0.0
111,240,0.0
111,241,0.0
111,242,0.0
111,243,0.0
111,244,0.0
111,245,10.799999999999999
111,246,0.0
111,247,0.0
111,248,0.0
111,249,0.0
111,250,0.0
111,251,0.0
111,252,0.0
111,253,0.0
111,254,0.0
111,255,0.0
111,256,0.0
111,257,0.0
111,258,0.0
111,259,10.799999999999999
111,260,0.0
111,261,0.0
111,262,0.0
111,263,0.0
111,264,0.0
111,265,0.0
111,266,0.0
111,267,0.0
111,268,0.0
111,269,0.0
111,270,0.0
111,271,0.0
111,272,0.0
111,273,10.799999999999999
111,274,0.0
111,275,0.0
111,276,0.0
111,277,0.0
111,278,0.0
111,279,0.0
111,280,0.0
111,281,0.0
111,282,0.0
111,283,0.0
111,284,0.0
111,285,0.0
111,286,0.0
111,287,10.799999999999999
111,288,0.0
111,289,0.0
111,290,0.0
111,291,0.0
111,292,0.0
111,293,0.0
111,294,0.0
111,295,0.0
111,296,0.0
111,297,0.0
111,298,0.0
111,299,0.0
111,300,0.0
111,301,10.799999999999999
111,302,0.0
111,303,0.0
111,304,0.0
111,305,0.0
111,306,0.0
111,307,0.0
111,308,0.0
111,309,0.0
111,310,0.0
111,311,0.0
111,312,0.0
111,313,0.0
111,314,0.0
111,315,10.799999999999999
111,316,0.0
111,317,0.0
111,318,0.0
111,319,0.0
111,320,0.0
111,321,0.0
111,322,0.0
111,323,0.0
111,324,0.0
111,325,0.0
111,326,0.0
111,327,0.0
111,328,0.0
111,329,10.799999999999999
111,330,0.0
111,331,0.0
111,332,0.0
111,333,0.0
111,334,0.0
111,335,0.0
111,336,0.0
111,337,0.0
111,338,0.0
111,339,0.0
111,340,0.0
111,341,0.0
111,342,0.0
111,343,10.799999999999999
111,344,0.0
111,345,0.0
111,346,0.0
111,347,0.0
111,348,0.0
111,349,0.0
111,350,0.0
111,351,0.0
111,352,0.0
111,353,0.0
111,354,0.0
111,355,0.0
111,356,0.0
111,357,10.799999999999999
111,358,0.0
111,359,0.0
111,360,0.0
111,361,0.0
111,362,0.0
111,363,0.0
111,364,0.0
111,365,0.0
112,1,0.0
112,2,0.0
112,3,0.0
112,4,0.0
112,5,0.0
112,6,10.799999999999999
112,7,0.0
112,8,0.0
112,9,0.0
112,10,0.0
112,11,0.0
112,12,0.0
112,13,0.0
112,14,0.0
112,15,0.0
112,16,0.0
112,17,0.0
112,18,0.0
112,19,0.0
112,20,10.799999999999999
112,21,0.0
112,22,0.0
112,23,0.0
112,24,0.0
112,25,0.0
112,26,0.0
112,27,0.0
112,28,0.0
112,29,0.0
112,30,0.0
112,31,0.0
112,32,0.0
112,33,0.0
112,34,10.799999999999999
112,35,0.0
112,36,0.0
112,37,0.0
112,38,0.0
112,39,0.0
112,40,0.0
112,41,0.0
112,42,0.0
112,43,0.0
112,44,0.0
112,45,0.0
112,46,0.0
112,47,0.0
112,48,10.799999999999999
112,49,0.0
112,50,0.0
112,51,0.0
112,52,0.0
112,53,0.0
112,54,0.0
112,55,0.0
112,56,0.0
112,57,0.0
112,58,0.0
112,59,0.0
112,60,0.0
112,61,0.0
112,62,10.799999999999999
112,63,0.0
112,64,0.0
112,65,0.0
112,66,0.0
112,67,0.0
112,68,0.0
112,69,0.0
112,70,0.0
112,71,0.0
112,72,0.0
112,73,0.0
112,74,0.0
112,75,0.0
112,76,10.799999999999999
112,77,0.0
112,78,0.0
112,79,0.0
112,80,0.0
112,81,0.0
112,82,0.0
112,83,0.0
112,84,0.0
112,85,0.0
112,86,0.0
112,87,0.0
112,88,0.0
112,89,0.0
112,90,10.799999999999999
112,91,0.0
112,92,0.0
112,93,0.0
112,94,0.0
112,95,0.0
112,96,0.0
112,97,0.0
112,98,0.0
112,99,0.0
112,100,0.0
112,101,0.0
112,102,0.0
112,103,0.0
112,104,10.799999999999999
112,105,0.0
112,106,0.0
112,107,0.0
112,108,0.0
112,109,0.0
112,110,0.0
112,111,0.0
112,112,0.0
112,113,0.0
112,114,0.0
112,115,0.0
112,116,0.0
112,117,0.0
112,118,10.799999999999999
112,119,0.0
112,120,0.0
112,121,0.0
112,122,0.0
112,123,0.0
112,124,0.0
112,125,0.0
112,126,0.0
112,127,0.0
112,128,0.0
112,129,0.0
112,130,0.0
112,131,0.0
112,132,10.799999999999999
112,133,0.0
112,134,0.0
112,135,0.0
112,136,0.0
112,137,0.0
112,138,0.0
112,139,0.0
112,140,0.0
112,141,0.0
112,142,0.0
112,143,0.0
112,144,0.0
112,145,0.0
112,146,10.799999999999999
112,147,0.0
112,148,0.0
112,149,0.0
112,150,0.0
112,151,0.0
112,152,0.0
112,153,0.0
112,154,0.0
112,155,0.0
112,156,0.0
112,157,0.0
112,158,0.0
112,159,0.0
112,160,10.799999999999999
112,161,0.0
112,162,0.0
112,163,0.0
112,164,0.0
112,165,0.0
112,166,0.0
112,167,0.0
112,168,0.0
112,169,0.0
112,170,0.0
112,171,0.0
112,172,0.0
112,173,0.0
112,174,10.799999999999999
112,175,0.0
112,176,0.0
112,177,0.0
112,178,0.0
112,179,0.0
112,180,0.0
112,181,0.0
112,182,0.0
112,183,0.0
112,184,0.0
112,185,0.0
112,186,0.0
112,187,0.0
112,188,10.799999999999999
112,189,0.0
112,190,0.0
112,191,0.0
112,192,0.0
112,193,0.0
112,194,0.0
112,195,0.0
112,196,0.0
112,197,0.0
112,198,0.0
112,199,0.0
112,200,0.0
112,201,0.0
112,202,10.799999999999999
112,203,0.0
112,204,0.0
112,205,0.0
112,206,0.0
112,207,0.0
112,208,0.0
112,209,0.0
112,210,0.0
112,211,0.0
112,212,0.0
112,213,0.0
112,214,0.0
112,215,0.0
112,216,10.799999999999999
112,217,0.0
112,218,0.0
112,219,0.0
112,220,0.0
112,221,0.0
112,222,0.0
112,223,0.0
112,224,0.0
112,225,0.0
112,226,0.0
112,227,0.0
112,228,0.0
112,229,0.0
112,230,10.799999999999999
112,231,0.0
112,232,0.0
112,233,0.0
112,234,0.0
112,235,0.0
112,236,0.0
112,237,0.0
112,238,0.0
112,239,0.0
112,240,0.0
112,241,0.0
112,242,0.0
112,243,0.0
112,244,10.799999999999999
112,245,0.0
112,246,0.0
112,247,0.0
112,248,0.0
112,249,0.0
112,250,0.0
112,251,0.0
112,252,0.0
112,253,0.0
112,254,0.0
112,255,0.0
112,256,0.0
112,257,0.0
112,258,10.799999999999999
112,259,0.0
112,260,0.0
112,261,0.0
112,262,0.0
112,263,0.0
112,264,0.0
112,265,0.0
112,266,0.0
112,267,0.0
112,268,0.0
112,269,0.0
112,270,0.0
112,271,0.0
112,272,10.799999999999999
112,273,0.0
112,274,0.0
112,275,0.0
112,276,0.0
112,277,0.0
112,278,0.0
112,279,0.0
112,280,0.0
112,281,0.0
112,282,0.0
112,283,0.0
112,284,0.0
112,285,0.0
112,286,10.799999999999999
112,287,0.0
112,288,0.0
112,289,0.0
112,290,0.0
112,291,0.0
112,292,0.0
112,293,0.0
112,294,0.0
112,295,0.0
112,296,0.0
112,297,0.0
112,298,0.0
112,299,0.0
112,300,10.799999999999999
112,301,0.0
112,302,0.0
112,303,0.0
112,304,0.0
112,305,0.0
112,306,0.0
112,307,0.0
112,308,0.0
112,309,0.0
112,310,0.0
112,311,0.0
112,312,0.0
112,313,0.0
112,314,10.799999999999999
112,315,0.0
112,316,0.0
112,317,0.0
112,318,0.0
112,319,0.0
112,320,0.0
112,321,0.0
112,322,0.0
112,323,0.0
112,324,0.0
112,325,0.0
112,326,0.0
112,327,0.0
112,328,10.799999999999999
112,329,0.0
112,330,0.0
112,331,0.0
112,332,0.0
112,333,0.0
112,334,0.0
112,335,0.0
112,336,0.0
112,337,0.0
112,338,0.0
112,339,0.0
112,340,0.0
112,341,0.0
112,342,10.799999999999999
112,343,0.0
112,344,0.0
112,345,0.0
112,346,0.0
112,347,0.0
112,348,0.0
112,349,0.0
112,350,0.0
112,351,0.0
112,352,0.0
112,353,0.0
112,354,0.0
112,355,0.0
112,356,10.799999999999999
112,357,0.0
112,358,0.0
112,359,0.0
112,360,0.0
112,361,0.0
112,362,0.0
112,363,0.0
112,364,0.0
112,365,0.0
113,1,0.0
113,2,10.799999999999999
113,3,0.0
113,4,0.0
113,5,0.0
113,6,0.0
113,7,0.0
113,8,0.0
113,9,0.0
113,10,0.0
113,11,0.0
113,12,0.0
113,13,0.0
113,14,0.0
113,15,0.0
113,16,10.799999999999999
113,17,0.0
113,18,0.0
113,19,0.0
113,20,0.0
113,21,0.0
113,22,0.0
113,23,0.0
113,24,0.0
113,25,0.0
113,26,0.0
113,27,0.0
113,28,0.0
113,29,0.0
113,30,10.799999999999999
113,31,0.0
113,32,0.0
113,33,0.0
113,34,0.0
113,35,0.0
113,36,0.0
113,37,0.0
113,38,0.0
113,39,0.0
113,40,0.0
113,41,0.0
113,42,0.0
113,43,0.0
113,44,10.799999999999999
113,45,0.0
113,46,0.0
113,47,0.0
113,48,0.0
113,49,0.0
113,50,0.0
113,51,0.0
113,52,0.0
113,53,0.0
113,54,0.0
113,55,0.0
113,56,0.0
113,57,0.0
113,58,10.799999999999999
113,59,0.0
113,60,0.0
113,61,0.0
113,62,0.0
113,63,0.0
113,64,0.0
113,65,0.0
113,66,0.0
113,67,0.0
113,68,0.0
113,69,0.0
113,70,0.0
113,71,0.0
113,72,10.799999999999999
113,73,0.0
113,74,0.0
113,75,0.0
113,76,0.0
113,77,0.0
113,78,0.0
113,79,0.0
113,80,0.0
113,81,0.0
113,82,0.0
113,83,0.0
113,84,0.0
113,85,0.0
113,86,10.799999999999999
113,87,0.0
113,88,0.0
113,89,0.0
113,90,0.0
113,91,0.0
113,92,0.0
113,93,0.0
113,94,0.0
113,95,0.0
113,96,0.0
113,97,0.0
113,98,0.0
113,99,0.0
113,100,10.799999999999999
113,101,0.0
113,102,0.0
113,103,0.0
113,104,0.0
113,105,0.0
113,106,0.0
113,107,0.0
113,108,0.0
113,109,0.0
113,110,0.0
113,111,0.0
113,112,0.0
113,113,0.0
113,114,10.799999999999999
113,115,0.0
113,116,0.0
113,117,0.0
113,118,0.0
113,119,0.0
113,120,0.0
113,121,0.0
113,122,0.0
113,123,0.0
113,124,0.0
113,125,0.0
113,126,0.0
113,127,0.0
113,128,10.799999999999999
113,129,0.0
113,130,0.0
113,131,0.0
113,132,0.0
113,133,0.0
113,134,0.0
113,135,0.0
113,136,0.0
113,137,0.0
113,138,0.0
113,139,0.0
113,140,0.0
113,141,0.0
113,142,10.799999999999999
113,143,0.0
113,144,0.0
113,145,0.0
113,146,0.0
113,147,0.0
113,148,0.0
113,149,0.0
113,150,0.0
113,151,0.0
113,152,0.0
113,153,0.0
113,154,0.0
113,155,0.0
113,156,10.799999999999999
113,157,0.0
113,158,0.0
113,159,0.0
113,160,0.0
113,161,0.0
113,162,0.0
113,163,0.0
113,164,0.0
113,165,0.0
113,166,0.0
113,167,0.0
113,168,0.0
113,169,0.0
113,170,10.799999999999999
113,171,0.0
113,172,0.0
113,173,0.0
113,174,0.0
113,175,0.0
113,176,0.0
113,177,0.0
113,178,0.0
113,179,0.0
113,180,0.0
113,181,0.0
113,182,0.0
113,183,0.0
113,184,10.799999999999999
113,185,0.0
113,186,0.0
113,187,0.0
113,188,0.0
113,189,0.0
113,190,0.0
113,191,0.0
113,192,0.0
113,193,0.0
113,194,0.0
113,195,0.0
113,196,0.0
113,197,0.0
113,198,10.799999999999999
113,199,0.0
113,200,0.0
113,201,0.0
113,202,0.0
113,203,0.0
113,204,0.0
113,205,0.0
113,206,0.0
113,207,0.0
113,208,0.0
113,209,0.0
113,210,0.0
113,211,0.0
113,212,10.799999999999999
113,213,0.0
113,214,0.0
113,215,0.0
113,216,0.0
113,217,0.0
113,218,0.0
113,219,0.0
113,220,0.0
113,221,0.0
113,222,0.0
113,223,0.0
113,224,0.0
113,225,0.0
113,226,10.799999999999999
113,227,0.0
113,228,0.0
113,229,0.0
113,230,0.0
113,231,0.0
113,232,0.0
113,233,0.0
113,234,0.0
113,235,0.0
113,236,0.0
113,237,0.0
113,238,0.0
113,239,0.0
113,240,10.799999999999999
113,241,0.0
113,242,0.0
113,243,0.0
113,244,0.0
113,245,0.0
113,246,0.0
113,247,0.0
113,248,0.0
113,249,0.0
113,250,0.0
113,251,0.0
113,252,0.0
113,253,0.0
113,254,10.799999999999999
113,255,0.0
113,256,0.0
113,257,0.0
113,258,0.0
113,259,0.0
113,260,0.0
113,261,0.0
113,262,0.0
113,263,0.0
113,264,0.0
113,265,0.0
113,266,0.0
113,267,0.0
113,268,10.799999999999999
113,269,0.0
113,270,0.0
113,271,0.0
113,272,0.0
113,273,0.0
113,274,0.0
113,275,0.0
113,276,0.0
113,277,0.0
113,278,0.0
113,279,0.0
113,280,0.0
113,281,0.0
113,282,10.799999999999999
113,283,0.0
113,284,0.0
113,285,0.0
113,286,0.0
113,287,0.0
113,288,0.0
113,289,0.0
113,290,0.0
113,291,0.0
113,292,0.0
113,293,0.0
113,294,0.0
113,295,0.0
113,296,10.799999999999999
113,297,0.0
113,298,0.0
113,299,0.0
113,300,0.0
113,301,0.0
113,302,0.0
113,303,0.0
113,304,0.0
113,305,0.0
113,306,0.0
113,307,0.0
113,308,0.0
113,309,0.0
113,310,10.799999999999999
113,311,0.0
113,312,0.0
113,313,0.0
113,314,0.0
113,315,0.0
113,316,0.0
113,317,0.0
113,318,0.0
113,319,0.0
113,320,0.0
113,321,0.0
113,322,0.0
113,323,0.0
113,324,10.799999999999999
113,325,0.0
113,326,0.0
113,327,0.0
113,328,0.0
113,329,0.0
113,330,0.0
113,331,0.0
113,332,0.0
113,333,0.0
113,334,0.0
113,335,0.0
113,336,0.0
113,337,0.0
113,338,10.799999999999999
113,339,0.0
113,340,0.0
113,341,0.0
113,342,0.0
113,343,0.0
113,344,0.0
113,345,0.0
113,346,0.0
113,347,0.0
113,348,0.0
113,349,0.0
113,350,0.0
113,351,0.0
113,352,10.799999999999999
113,353,0.0
113,354,0.0
113,355,0.0
113,356,0.0
113,357,0.0
113,358,0.0
113,359,0.0
113,360,0.0
113,361,0.0
113,362,0.0
113,363,0.0
113,364,0.0
113,365,0.0
114,1,0.0
114,2,0.0
114,3,10.799999999999999
114,4,0.0
114,5,0.0
114,6,0.0
114,7,0.0
114,8,0.0
114,9,0.0
114,10,0.0
114,11,0.0
114,12,0.0
114,13,0.0
114,14,0.0
114,15,0.0
114,16,0.0
114,17,10.799999999999999
114,18,0.0
114,19,0.0
114,20,0.0
114,21,0.0
114,22,0.0
114,23,0.0
114,24,0.0
114,25,0.0
114,26,0.0
114,27,0.0
114,28,0.0
114,29,0.0
114,30,0.0
114,31,10.799999999999999
114,32,0.0
114,33,0.0
114,34,0.0
114,35,0.0
114,36,0.0
114,37,0.0
114,38,0.0
114,39,0.0
114,40,0.0
114,41,0.0
114,42,0.0
114,43,0.0
114,44,0.0
114,45,10.799999999999999
114,46,0.0
114,47,0.0
114,48,0.0
114,49,0.0
114,50,0.0
114,51,0.0
114,52,0.0
114,53,0.0
114,54,0.0
114,55,0.0
114,56,0.0
114,57,0.0
114,58,0.0
114,59,10.799999999999999
114,60,0.0
114,61,0.0
114,62,0.0
114,63,0.0
114,64,0.0
114,65,0.0
114,66,0.0
114,67,0.0
114,68,0.0
114,69,0.0
114,70,0.0
114,71,0.0
114,72,0.0
114,73,10.799999999999999
114,74,0.0
114,75,0.0
114,76,0.0
114,77,0.0
114,78,0.0
114,79,0.0
114,80,0.0
114,81,0.0
114,82,0.0
114,83,0.0
114,84,0.0
114,85,0.0
114,86,0.0
114,87,10.799999999999999
114,88,0.0
114,89,0.0
114,90,0.0
114,91,0.0
114,92,0.0
114,93,0.0
114,94,0.0
114,95,0.0
114,96,0.0
114,97,0.0
114,98,0.0
114,99,0.0
114,100,0.0
114,101,10.799999999999999
114,102,0.0
114,103,0.0
114,104,0.0
114,105,0.0
114,106,0.0
114,107,0.0
114,108,0.0
114,109,0.0
114,110,0.0
114,111,0.0
114,112,0.0
114,113,0.0
114,114,0.0
114,115,10.799999999999999
114,116,0.0
114,117,0.0
114,118,0.0
114,119,0.0
114,120,0.0
114,121,0.0
114,122,0.0
114,123,0.0
114,124,0.0
114,125,0.0
114,126,0.0
114,127,0.0
114,128,0.0
114,129,10.799999999999999
114,130,0.0
114,131,0.0
114,132,0.0
114,133,0.0
114,134,0.0
114,135,0.0
114,136,0.0
114,137,0.0
114,138,0.0
114,139,0.0
114,140,0.0
114,141,0.0
114,142,0.0
114,143,10.799999999999999
114,144,0.0
114,145,0.0
114,146,0.0
114,147,0.0
114,148,0.0
114,149,0.0
114,150,0.0
114,151,0.0
114,152,0.0
114,153,0.0
114,154,0.0
114,155,0.0
114,156,0.0
114,157,10.799999999999999
114,158,0.0
114,159,0.0
114,160,0.0
114,161,0.0
114,162,0.0
114,163,0.0
114,164,0.0
114,165,0.0
114,166,0.0
114,167,0.0
114,168,0.0
114,169,0.0
114,170,0.0
114,171,10.799999999999999
114,172,0.0
114,173,0.0
114,174,0.0
114,175,0.0
114,176,0.0
114,177,0.0
114,178,0.0
114,179,0.0
114,180,0.0
114,181,0.0
114,182,0.0
114,183,0.0
114,184,0.0
114,185,10.799999999999999
114,186,0.0
114,187,0.0
114,188,0.0
114,189,0.0
114,190,0.0
114,191,0.0
114,192,0.0
114,193,0.0
114,194,0.0
114,195,0.0
114,196,0.0
114,197,0.0
114,198,0.0
114,199,10.799999999999999
114,200,0.0
114,201,0.0
114,202,0.0
114,203,0.0
114,204,0.0
114,205,0.0
114,206,0.0
114,207,0.0
114,208,0.0
114,209,0.0
114,210,0.0
114,211,0.0
114,212,0.0
114,213,10.799999999999999
114,214,0.0
114,215,0.0
114,216,0.0
114,217,0.0
114,218,0.0
114,219,0.0
114,220,0.0
114,221,0.0
114,222,0.0
114,223,0.0
114,224,0.0
114,225,0.0
114,226,0.0
114,227,10.799999999999999
114,228,0.0
114,229,0.0
114,230,0.0
114,231,0.0
114,232,0.0
114,233,0.0
114,234,0.0
114,235,0.0
114,236,0.0
114,237,0.0
114,238,0.0
114,239,0.0
114,240,0.0
114,241,10.799999999999999
114,242,0.0
114,243,0.0
114,244,0.0
114,245,0.0
114,246,0.0
114,247,0.0
114,248,0.0
114,249,0.0
114,250,0.0
114,251,0.0
114,252,0.0
114,253,0.0
114,254,0.0
114,255,10.799999999999999
114,256,0.0
114,257,0.0
114,258,0.0
114,259,0.0
114,260,0.0
114,261,0.0
114,262,0.0
114,263,0.0
114,264,0.0
114,265,0.0
114,266,0.0
114,267,0.0
114,268,0.0
114,269,10.799999999999999
114,270,0.0
114,271,0.0
114,272,0.0
114,273,0.0
114,274,0.0
114,275,0.0
114,276,0.0
114,277,0.0
114,278,0.0
114,279,0.0
114,280,0.0
114,281,0.0
114,282,0.0
114,283,10.799999999999999
114,284,0.0
114,285,0.0
114,286,0.0
114,287,0.0
114,288,0.0
114,289,0.0
114,290,0.0
114,291,0.0
114,292,0.0
114,293,0.0
114,294,0.0
114,295,0.0
114,296,0.0
114,297,10.799999999999999
114,298,0.0
114,299,0.0
114,300,0.0
114,301,0.0
114,302,0.0
114,303,0.0
114,304,0.0
114,305,0.0
114,306,0.0
114,307,0.0
114,308,0.0
114,309,0.0
114,310,0.0
114,311,10.799999999999999
114,312,0.0
114,313,0.0
114,314,0.0
114,315,0.0
114,316,0.0
114,317,0.0
114,318,0.0
114,319,0.0
114,320,0.0
114,321,0.0
114,322,0.0
114,323,0.0
114,324,0.0
114,325,10.799999999999999
114,326,0.0
114,327,0.0
114,328,0.0
114,329,0.0
114,330,0.0
114,331,0.0
114,332,0.0
114,333,0.0
114,334,0.0
114,335,0.0
114,336,0.0
114,337,0.0
114,338,0.0
114,339,10.799999999999999
114,340,0.0
114,341,0.0
114,342,0.0
114,343,0.0
114,344,0.0
114,345,0.0
114,346,0.0
114,347,0.0
114,348,0.0
114,349,0.0
114,350,0.0
114,351,0.0
114,352,0.0
114,353,10.799999999999999
114,354,0.0
114,355,0.0
114,356,0.0
114,357,0.0
114,358,0.0
114,359,0.0
114,360,0.0
114,361,0.0
114,362,0.0
114,363,0.0
114,364,0.0
114,365,0.0
